Inventory number,Suffix,Date D,Date M,Date P,PTS,Country,Place,Area,Locality,Formation,Member,Level,Age G1,Age G2,Anatomical part,Anatomical description,Taxonomy 1,Taxonomy 2,TR,Discoverer,Reference of first mention,Reference of description,Reference of taxonomical allocation,Reference of dating,
B 7-39,A,1967,1968,1969,2,Ethiopia,Brown Sands,#,B 7,Usno,U-12,B-2 (U-12),3.19-3.21,~3.05,T,LP3,Australopitheucs. sp.,A. aff. afarensis,NTA,#,"Howell, 1968","Howell, 1969","Suwa, 1990; Wood and Leakey, 2011","Feibel et al., 1989; Wynn et al., 2020",
B 7-39,B,1967,1968,1969,2,Ethiopia,Brown Sands,#,B 7,Usno,U-12,B-2 (U-12),3.19-3.21,~3.05,T,LP4,Australopithecus. sp.,A. aff. afarensis,NTA,#,"Howell, 1968","Howell, 1969","Suwa, 1990; Wood and Leakey, 2011","Feibel et al., 1989; Wynn et al., 2020",
B 7-39,C,1967,1968,1969,2,Ethiopia,Brown Sands,#,B 7,Usno,U-12,B-2 (U-12),3.19-3.21,~3.05,T,LM1 frag.,Australopithecus. sp.,A. aff. afarensis,NTA,#,"Howell, 1968","Howell, 1969","Suwa, 1990; Wood and Leakey, 2011","Feibel et al., 1989; Wynn et al., 2020",
B 8-4,Q,1968,1969,1969,1,Ethiopia,Brown Sands,#,B 8,Usno,U-12,B-2 (U-12),3.19-3.21,~3.05,T,LP4,Australopithecus. sp.,A. aff. afarensis,NTA,#,"Howell, 1969","Howell, 1969","Suwa, 1990; Wood and Leakey, 2011","Feibel et al., 1989; Wynn et al., 2020",
B 8-14,A,1968,1969,1969,1,Ethiopia,Brown Sands,#,B 8,Usno,U-12,B-2 (U-12),3.19-3.21,~3.05,T,LM3,Australopithecus. sp.,A. aff. afarensis,NTA,#,"Howell, 1969","Howell, 1969","Suwa, 1990; Wood and Leakey, 2011","Feibel et al., 1989; Wynn et al., 2020",
B 8-14,B,1968,1969,1969,1,Ethiopia,Brown Sands,#,B 8,Usno,U-12,B-2 (U-12),3.19-3.21,~3.05,T,LP4,Australopithecus. sp.,A. aff. afarensis,NTA,#,"Howell, 1969","Howell, 1969","Suwa, 1990; Wood and Leakey, 2011","Feibel et al., 1989; Wynn et al., 2020",
B 8-20,P,1968,1969,1969,1,Ethiopia,Brown Sands,#,B 8,Usno,U-12,B-2 (U-12),3.19-3.21,~3.05,T,RM1 or Rdm2 frag.,Hominine GSI,A. aff. afarensis,NTA,#,"Howell, 1969","Howell, 1969","Wood and Leakey, 2011","Feibel et al., 1989; Wynn et al., 2020",
B 8-23,A,1968,1969,1969,1,Ethiopia,Brown Sands,#,B 8,Usno,U-12,B-2 (U-12),3.19-3.21,~3.05,T,LP3,Australopithecus. sp.,A. aff. afarensis,NTA,#,"Howell, 1969","Howell, 1969","Suwa, 1990; Wood and Leakey, 2011","Feibel et al., 1989; Wynn et al., 2020",
B 8-23,B,1968,1969,1969,1,Ethiopia,Brown Sands,#,B 8,Usno,U-12,B-2 (U-12),3.19-3.21,~3.05,T,LM1or2,Australopithecus. sp.,A. aff. afarensis,NTA,#,"Howell, 1969","Howell, 1969","Suwa, 1990; Wood and Leakey, 2011","Feibel et al., 1989; Wynn et al., 2020",
B 8-27,#,1968,1969,1969,1,Ethiopia,Brown Sands,#,B 8,Usno,U-12,B-2 (U-12),3.19-3.21,~3.05,T,RI1,Hominine GSI,A. aff. afarensis,NTA,#,"Howell, 1969","Howell, 1969","Suwa, 1990; Wood and Leakey, 2011","Feibel et al., 1989; Wynn et al., 2020",
B 8-28,M,1968,1969,1969,1,Ethiopia,Brown Sands,#,B 8,Usno,U-12,B-2 (U-12),3.19-3.21,~3.05,T,LM3 ou Ldm2,Hominine GSI,A. aff. afarensis,NTA,#,"Howell, 1969","Howell, 1969","Suwa, 1990; Wood and Leakey, 2011","Feibel et al., 1989; Wynn et al., 2020",
F 18-3,#,1971,1973,#,#,Ethiopia,Kalam,#,F 18,Shungura,J to L,#,~1.30-1.50,~1.30-1.50,T,LI2,Hominine GSI,Hominine GSI,GSI,F. Brown,"Coppens, 1973b",Undescribed,GSI because no taxonomical allocation published,"Howell and Coppens, 1974",
F 22-1,A,1971,1973,1973,2,Ethiopia,Kalam,#,F 22,Shungura,F,F-1,~2.34,2.30-2.31,T,RM2 crown,P. aethiopicus,P. aethiopicus,CTA,F. Brown,"Coppens, 1973a","Coppens, 1973a","Wood and Constantino, 2007; Wood and Leakey, 2011","Feibel et al., 1989; Wynn et al., 2020",
F 22-1,B,1971,1973,1973,2,Ethiopia,Kalam,#,F 22,Shungura,F,F-1,~2.34,2.30-2.31,T,RM3 crown,P. aethiopicus,P. aethiopicus,CTA,F. Brown,"Coppens, 1973a","Coppens, 1973a","Wood and Constantino, 2007; Wood and Leakey, 2011","Feibel et al., 1989; Wynn et al., 2020",
F 22-2,#,1971,1987,#,#,Ethiopia,Kalam,#,F 22,Shungura,F,F-1,~2.34,2.30-2.31,T,RI1,Hominine GSI,Hominine GSI,GSI,#,"Howell et al., 1987",Undescribed,"White, 1988; Wood and Leakey, 2011","Deduced from Feibel et al., 1989; Wynn et al., 2020",
F 203-1,#,1971,1973,#,#,Ethiopia,Kalam,#,F 203,Shungura,K,K-4,~1.42,~1.42,T,RM2or3,P. boisei,P. boisei,CTA,F. Brown,"Coppens, 1973b",Undescribed,"Wood and Constantino, 2007; Wood and Leakey, 2011","Feibel et al., 1989",
F 511-16,#,1974,1989,#,#,Ethiopia,Type area,19,F 511,Shungura,H,H-4 to 6,1.80-1.90,1.80-1.90,P,L metatarsal III,hominine GSI,hominine GSI,GSI,#,"Feibel et al., 1989",Undescribed,"McHenry, 1994","Feibel et al., 1989",
L 1-611,#,1973,2011,#,#,Ethiopia,Type area,15,L 1,Shungura,B,B-10,2.97-3.07,~2.90,T,RI2 frag,Australopithecus. sp.,Australopithecus sp.,SPI,#,"Wood and Leakey, 2011",Undescribed,"Wood and Leakey, 2011","Deduced from Feibel et al., 1989",
L 1-1399,#,1973,2011,#,#,Ethiopia,Type area,15,L 1,Shungura,B,B-10,2.97-3.07,~2.90,T,RI1,Hominine GSI,Hominine GSI,GSI,#,"Wood and Leakey, 2011",Undescribed,"Wood and Leakey, 2011","Deduced from Feibel et al., 1989",
L 1-292,#,1972,1974,#,#,Ethiopia,Type area,15,L 1/n,Shungura,B,B-10-3,2.97-3.07,~2.90,T,Upper P frag.,Hominine GSI,Hominine GSI,GSI,#,"Howell and Coppens, 1974",Undescribed,GSI because no taxonomical allocation published,"Feibel et al., 1989",
L 1-294,#,1972,1974,#,#,Ethiopia,Type area,15,L 1/n,Shungura,B,B-10-3,2.97-3.07,~2.90,T,RM3,Hominine GSI,Hominine GSI,GSI,#,"Howell and Coppens, 1974",Undescribed,"Wood and Leakey, 2011","Feibel et al., 1989",
L 1-398,#,1973,1989,#,#,Ethiopia,Type area,15,L 1/n,Shungura,B,B-10-3,2.97-3.07,~2.90,T,RM3,Hominine GSI,Hominine GSI,GSI,#,"Feibel et al., 1989",Undescribed,"Wood and Leakey, 2011","Feibel et al., 1989",
L 1-468,#,1973,1989,#,#,Ethiopia,Type area,15,L 1/n,Shungura,B,B-10-3,2.97-3.07,~2.90,T,RM2 frag.,Australopithecus. sp.,A. aff. afarensis,NTA,#,"Feibel et al., 1989",Undescribed,"Wood and Leakey, 2011","Feibel et al., 1989",
L 1-667,#,1973,1989,1990,17,Ethiopia,Type area,15,L 1/n,Shungura,B,B-10-3,2.97-3.07,~2.90,T,LP3 frag.,Australopithecus. sp.,A. aff. afarensis,NTA,#,"Feibel et al., 1989","Suwa, 1990","Suwa 1990;  Wood and Leakey, 2011","Feibel et al., 1989; Wynn et al., 2020",
L 1-768,#,1973,1989,#,#,Ethiopia,Type area,15,L 1/n,Shungura,B,B-10-3,2.97-3.07,~2.90,T,Tooth,Hominine GSI,Hominine GSI,GSI,#,"Feibel et al., 1989",Undescribed,GSI because no taxonomical allocation published,"Feibel et al., 1989",
L 2-79,#,1968,1969,1969,1,Ethiopia,Type area,15,L 2,Shungura,B,B-10,2.97-3.07,~2.90,T,LM2or3 frag.,Australopithecus. sp.,Australopithecus sp.,SPI,#,"Howell, 1969","Howell, 1969","Wood and Leakey, 2011","Feibel et al., 1989; Wynn et al., 2020",
L 2-89,#,1968,1969,1969,1,Ethiopia,Type area,15,L 2,Shungura,B,B-10,2.97-3.07,~2.90,T,LM3,Hominine GSI,Hominine GSI,GSI,#,"Howell, 1969","Howell, 1969","Suwa et al., 1996; Wood and Leakey, 2011","Feibel et al., 1989; Wynn et al., 2020",
L 7-279,#,1970,1974,#,#,Ethiopia,Type area,11,L 7,Shungura,G,G-5 to 7,~2.20,~2.20,T,LM2,aff. Homo sp.,aff. Homo sp.,NTA,#,"Howell and Coppens, 1974",Undescribed,"Wood and Leakey, 2011","Feibel et al., 1989",
L 7/A-125,#,1968,1969,1969,1,Ethiopia,Type area,11,L 7,Shungura,G,G-5,2.15-2.25,2.15-2.25,M,Mandibular body with teeth except 3 I,P. boisei,P. boisei,CTA,#,"Howell, 1969","Howell, 1969","Suwa et al., 1996; Wood and Constantino, 2007; Wood and Leakey, 2011","Feibel et al., 1989",
L 9-11,#,1968,1969,1969,1,Ethiopia,Type area,11,L 9,Shungura,D,D-5,2.42-2.43,~2.40,T,RM3 frag.,Hominine GSI,Hominine GSI,GSI,#,"Howell, 1969","Howell, 1969","Suwa et al., 1996; Wood and Leakey, 2011","Feibel et al., 1989; Wynn et al., 2020",
L 9-12,#,1968,1969,1969,1,Ethiopia,Type area,11,L 9,Shungura,D,D-5,2.42-2.43,~2.40,T,LM3,Hominine GSI,Hominine GSI,GSI,#,"Howell, 1969","Howell, 1969","Wood and Leakey, 2011","Feibel et al., 1989; Wynn et al., 2020",
L 9-92,#,1971,1974,#,#,Ethiopia,Type area,11,L 9,Shungura,D,D-5,2.42-2.43,~2.40,T,LM1or2 or LM frag.,Hominine GSI,Hominine GSI,GSI,#,"Howell and Coppens, 1974",Undescribed,"Wood and Leakey, 2011","Feibel et al., 1989; Wynn et al., 2020",
L 10-21,#,1970,1974,#,#,Ethiopia,Type area,12,L 10,Shungura,E,E-2,~2.38,~2.38,T,RM3 frag.,P. aethiopicus,P. aethiopicus,CTA,#,"Howell and Coppens, 1974",Undescribed,"Wood and Constantino, 2007; Wood and Leakey, 2011","Feibel et al., 1989",
L 26-1,G,1968,1969,1969,1,Ethiopia,Type area,4,L 26,Shungura,E,E-2,~2.38,~2.38,T,RM2,aff. Homo sp.,aff. Homo sp.,NTA,#,"Howell, 1969","Howell, 1969","Suwa et al., 1996; Wood and Leakey, 2011","Feibel et al., 1989",
L 26-59,#,1968,1969,1969,1,Ethiopia,Type area,4,L 26,Shungura,E,E-2,~2.38,~2.38,T,LM frag.,P. aethiopicus,P. aethiopicus,CTA,#,"Howell, 1969","Howell, 1969","Wood and Constantino, 2007","Feibel et al., 1989",
L 28-28,X,1969,1974,1990,21,Ethiopia,Type area,13,L 28,Shungura,F,F-1,~2.34,2.30-2.31,T,LP3 germ frag.,aff. Homo sp.,aff. Homo sp.,NTA,#,"Howell and Coppens, 1974","Suwa, 1990","Wood and Leakey, 2011","Feibel et al., 1989; Wynn et al., 2020",
L 28-30,#,1968,1969,1969,1,Ethiopia,Type area,13,L 28,Shungura,F,F-1,~2.34,2.30-2.31,T,RM3,aff. Homo sp.,aff. Homo sp.,NTA,#,"Howell, 1969","Howell, 1969","Suwa et al., 1996; Wood and Leakey, 2011","Feibel et al., 1989; Wynn et al., 2020",
L 28-31,#,1968,1969,1969,1,Ethiopia,Type area,13,L 28,Shungura,F,F-1,~2.34,2.30-2.31,T,RM2,aff. Homo sp.,aff. Homo sp.,NTA,#,"Howell, 1969","Howell, 1969","Howell et al., 1987; Wood, 1991","Feibel et al., 1989; Wynn et al., 2020",
L 28-58,#,1968,1969,1969,1,Ethiopia,Type area,13,L 28,Shungura,F,F-1,~2.34,2.30-2.31,T,RM1or2,P. aethiopicus,P. aethiopicus,CTA,#,"Howell, 1969","Howell, 1969","Wood and Constantino, 2007; Wood and Leakey, 2011","Feibel et al., 1989; Wynn et al., 2020",
L 28-125,#,1970,1974,#,#,Ethiopia,Type area,13,L 28,Shungura,F,F-1,~2.34,2.30-2.31,T,RC,Hominine GSI,hominine GSI,GSI,#,"Howell and Coppens, 1974",Undescribed,"Wood and Leakey, 2011","Feibel et al., 1989; Wynn et al., 2020",
L 28-126,#,1970,1974,1990,20,Ethiopia,Type area,13,L 28,Shungura,F,F-1,~2.34,2.30-2.31,T,RP4 frag.,aff. Homo sp.,P. aethiopicus,NTA,#,"Howell and Coppens, 1974","Suwa, 1990","Suwa, 1990; Wood and Constantino, 2007; Wood and Leakey, 2011","Feibel et al., 1989; Wynn et al., 2020",
L 40-15,C,1969,1989,#,#,Ethiopia,Type area,14,L 40,Shungura,E,E-5,2.32-2.42,2.32-2.42,T,LP4,Hominine GSI,Hominine GSI,GSI,#,"Feibel et al., 1989",Undescribed,"Wood and Leakey, 2011","Feibel et al., 1989",
L 40-19,#,1971,1974,1974,3,Ethiopia,Type area,14,L 40,Shungura,E,E-5,2.32-2.42,2.32-2.42,P,R complete ulna,P. aethiopicus,P. aethiopicus,NTA,G. Eck,"Howell and Coppens, 1974","Howell and Wood, 1974","McHenry et al., 2007 ; Wood and Constantino 2007; Wood and Leakey, 2011","Feibel et al., 1989",
L 45-2,#,1968,1969,1969,1,Ethiopia,Type area,4,L 45,Shungura,C,C-5,~2.70,~2.70,T,RM1,Hominine GSI,Hominine GSI,GSI,#,"Howell, 1969","Howell, 1969","Suwa et al., 1996; Wood and Leakey, 2011","Feibel et al., 1989",
L 50-2,#,1970,1974,#,#,Ethiopia,Type area,9,L 50,Shungura,D,D-0,~2.50,~2.50,T,LM,P. aethiopicus,P. aethiopicus,CTA,#,"Howell and Coppens, 1974",Undescribed,"Wood and Constantino, 2007; Wood and Leakey, 2011","Feibel et al., 1989",
L 51-1,#,1968,1969,1969,1,Ethiopia,Type area,9,L 51,Shungura,C,C-9,2.53-2.54,2.46-2.56,T,LM1,Hominine GSI,Hominine GSI,GSI,#,"Howell, 1969","Howell, 1969","Suwa et al., 1996; Wood and Leakey, 2011","Feibel et al., 1989; Wynn et al., 2020",
L 51-2,#,1968,1969,1969,1,Ethiopia,Type area,9,L 51,Shungura,C,C-9,2.53-2.54,2.46-2.56,T,LM1,Hominine GSI,Hominine GSI,GSI,#,"Howell, 1969","Howell, 1969","Wood and Leakey, 2011","Feibel et al., 1989; Wynn et al., 2020",
L 51-3,#,1968,1969,1969,1,Ethiopia,Type area,9,L 51,Shungura,C,C-9,2.53-2.54,2.46-2.56,T,LM2,Hominine GSI,Hominine GSI,GSI,#,"Howell, 1969","Howell, 1969","Wood and Leakey, 2011","Feibel et al., 1989; Wynn et al., 2020",
L 51-4,#,1968,1969,1969,1,Ethiopia,Type area,9,L 51,Shungura,C,C-9,2.53-2.54,2.46-2.56,T,L or RM1,Hominine GSI,Hominine GSI,GSI,#,"Howell, 1969","Howell, 1969","Wood and Leakey, 2011","Feibel et al., 1989; Wynn et al., 2020",
L 51-5,#,1968,1969,1969,1,Ethiopia,Type area,9,L 51,Shungura,C,C-9,2.53-2.54,2.46-2.56,T,RI1,Hominine GSI,Hominine GSI,GSI,#,"Howell, 1969","Howell, 1969","Wood and Leakey, 2011","Feibel et al., 1989; Wynn et al., 2020",
L 51-6,#,1968,1969,1969,1,Ethiopia,Type area,9,L 51,Shungura,C,C-9,2.53-2.54,2.46-2.56,T,LM frag.,Hominine GSI,Hominine GSI,GSI,#,"Howell, 1969","Howell, 1969","Wood and Leakey, 2011","Feibel et al., 1989; Wynn et al., 2020",
L 51-7,#,1968,1969,1969,1,Ethiopia,Type area,9,L 51,Shungura,C,C-9,2.53-2.54,2.46-2.56,T,RM frag.,Hominine GSI,Hominine GSI,GSI,#,"Howell, 1969","Howell, 1969","Wood and Leakey, 2011","Feibel et al., 1989; Wynn et al., 2020",
L 51-79,#,1970,1974,1990,20,Ethiopia,Type area,9,L 51,Shungura,C,C-9,2.53-2.54,2.46-2.56,T,RP4,P. aethiopicus,P. aethiopicus,CTA,#,"Howell and Coppens, 1974","Suwa, 1990","Wood and Constantino, 2007; Wood and Leakey, 2011","Feibel et al., 1989; Wynn et al., 2020",
L 51-80,#,1970,1974,1990,20,Ethiopia,Type area,9,L 51,Shungura,C,C-9,2.53-2.54,2.46-2.56,T,RP4,Hominine GSI,Hominine GSI,GSI,#,"Howell and Coppens, 1974","Suwa, 1990","Suwa, 90; Wood and Leakey 2011","Feibel et al., 1989; Wynn et al., 2020",
L 54/A-20,#,1968,1969,1969,1,Ethiopia,Type area,11,L 54/A,Shungura,C,C-8,~2.60,~2.60,T,Rdm2 frag.,Hominine GSI,Hominine GSI,GSI,#,"Howell, 1969","Howell, 1969","Wood and Leakey, 2011","Feibel et al., 1989",
L 55-33,#,1972,1974,#,#,Ethiopia,Type area,9,L 55/S,Shungura,C,C-6,2.60-2.80,2.58-2.63,M,L mandibular frag. with  I1 and P4,P. aethiopicus,P. aethiopicus,CTA,#,"Howell and Coppens, 1974",Undescribed,"Wood and Constantino, 2007; Wood and Leakey, 2011","Feibel et al., 1989; Wynn et al., 2020",
L 55-34,#,#,1974,#,#,Ethiopia,Type area,9,L 55/S,Shungura,C,C-6,2.60-2.80,2.58-2.63,T,M frag.,Hominine GSI,Hominine GSI,GSI,#,"Howell and Coppens, 1974",Undescribed,GSI because no taxonomical allocation published,"Feibel et al., 1989; Wynn et al., 2020",
L 55-57,#,#,1974,#,#,Ethiopia,Type area,9,L 55/S,Shungura,C,C-6,2.60-2.80,2.58-2.63,T,LI2 germ,Hominine GSI,Hominine GSI,GSI,#,"Howell and Coppens, 1974",Undescribed,GSI because no taxonomical allocation published,"Feibel et al., 1989; Wynn et al., 2020",
L 62-17,#,1970,1974,#,#,Ethiopia,Type area,10,L 62,Shungura,C,C-4 to 6,~2.70,~2.70,T,RM2,P. aethiopicus,P. aethiopicus,CTA,#,"Howell and Coppens, 1974",Undescribed,"Wood and Constantino, 2007; Wood and Leakey, 2011","Feibel et al., 1989 ; Noted in C4/5 in Howell and Coppens 1974",
L 64-2,#,1968,1969,1969,1,Ethiopia,Type area,3,L 64,Shungura,D,D-5,~2.40,~2.40,T,Ldm2,P. aethiopicus,P. aethiopicus,CTA,#,"Howell, 1969","Howell, 1969","Wood and Leakey, 2011","Feibel et al., 1989",
L 64-23,#,1971,1974,#,#,Ethiopia,Type area,3,L 64,Shungura,D,D-5,~2.40,~2.40,T,dm1or2 frag.,Hominine GSI,Hominine GSI,GSI,#,"Howell and Coppens, 1974",Undescribed,"Wood and Leakey, 2011","Feibel et al., 1989",
L 74/A-21,#,1968,1969,1969,1,Ethiopia,Type area,12,L 74/A,Shungura,G,G-3 to 5,2.15-2.25,2.15-2.25,M,R mandible with C-P4,P. boisei,P. boisei,CTA,#,"Howell, 1969","Howell, 1969","Suwa et al., 1996; Wood and Constantino, 2007; Wood and Leakey, 2011","Feibel et al., 1989 ",
L 105-7,#,1972,1974,#,#,Ethiopia,Type area,11,L 105,Shungura,G,G-7,2.05-2.15,2.05-2.15,P,Lumbar vertebra,Hominine GSI,Hominine GSI,GSI,#,"Howell and Coppens, 1974",Undescribed,GSI because no taxonomical allocation published,"Feibel et al., 1989",
L 136-9,#,1969,1974,#,#,Ethiopia,Type area,9,L 136,Shungura,C,C-8,~2.60,2.54-2.56,T,M1or3 dist. frag.,Hominine GSI,Hominine GSI,GSI,#,"Howell and Coppens, 1974",Undescribed,"Wood and Leakey, 2011","Feibel et al., 1989; Wynn et al., 2020",
L 144-23,#,1969,1973,1973,4,Ethiopia,Type area,10,L 144,Shungura,C,C-9,2.46-2.56,2.46-2.56,T,Ldm2 or LM1,Hominine GSI,Hominine GSI,GSI,#,"Howell and Coppens, 1974","Howell and Coppens, 1973","Wood and Leakey, 2011","Feibel et al., 1989",
L 144-24,#,1969,1973,1973,4,Ethiopia,Type area,10,L 144,Shungura,C,C-9,2.46-2.56,2.46-2.56,T,Rdm2 frag.,Hominine GSI,Hominine GSI,GSI,#,"Howell and Coppens, 1974","Howell and Coppens, 1973","Wood and Leakey, 2011","Feibel et al., 1989",
L 157-35,#,1969,1974,#,#,Ethiopia,Type area,11,L 157,Shungura,F,F-1,~2.34,~2.34,T,LM2,P. aethiopicus,P. aethiopicus,CTA,#,"Howell and Coppens, 1974",Undescribed,"Wood and Constantino, 2007; Wood and Leakey, 2011","Feibel et al., 1989",
L 183-11,#,1969,1974,#,#,Ethiopia,Type area,12,L 183,Shungura,C,C-5,~2.70,2.63-2.66,T,LM1 frag.,Hominine GSI,Hominine GSI,GSI,#,"Howell and Coppens, 1974",Undescribed,"Wood and Leakey, 2011","Feibel et al., 1989 ; Wynn et al 2020",
L 209-17,#,1971,1974,#,#,Ethiopia,Type area,14,L 209,Shungura,F,E-5 to F-1,~2.35,2.31-2.32,T,RM1or2,P. aethiopicus,P. aethiopicus,CTA,#,"Howell and Coppens, 1974",Undescribed,"Wood and Constantino, 2007; Wood and Leakey, 2011","Feibel et al., 1989 ; Wynn et al., 2020",
L 209-18,#,1971,1974,#,#,Ethiopia,Type area,14,L 209,Shungura,F,E-5 to F-1,~2.35,2.31-2.32,T,LM frag.,P. aethiopicus,P. aethiopicus,CTA,#,"Howell and Coppens, 1974",Undescribed,"Wood and Constantino, 2007; Wood and Leakey, 2011","Feibel et al., 1989 ; Wynn et al., 2020",
L 209-30,#,1971,1974,#,#,Ethiopia,Type area,14,L 209,Shungura,F,E-5 to F-1,~2.35,2.31-2.32,T,Rdm2 frag.,Hominine GSI,aff. Homo sp.,NTA,#,"Howell and Coppens, 1974",Undescribed,"White, 1988; Wood and Leakey, 2011","Feibel et al., 1989 ; Wynn et al., 2020",
L 238-35,#,1969,1974,#,#,Ethiopia,Type area,15,L 238,Shungura,F,F-3,~2.35,~2.35,T,RM2,P. aethiopicus,P. aethiopicus,CTA,#,"Howell and Coppens, 1974",Undescribed,"Wood and Constantino, 2007","Feibel et al., 1989",
L 296-1,#,1969,1974,#,#,Ethiopia,Type area,10,L 296,Shungura,D,D-1,~2.50,~2.50,T,RM3,P. aethiopicus,P. aethiopicus,CTA,#,"Howell and Coppens, 1974",Undescribed,"Wood and Constantino, 2007; Wood and Leakey, 2011","Feibel et al., 1989",
L 327-16,#,#,1974,#,#,Ethiopia,Type area,10,L 327,Shungura,C,C-6,2.60-2.80,2.60-2.80,T,I2,Hominine GSI,Hominine GSI,GSI,#,"Howell and Coppens, 1974",Undescribed,GSI because no taxonomical allocation published,"Feibel et al., 1989",
L 338/X-32,#,1969,1973,1973,4,Ethiopia,Type area,7,L 338/X,Shungura,E,E-3,2.34-2.44,2.36-2.39,T,Ldm2 or LM3 buc. half,P. aethiopicus,P. aethiopicus,CTA,#,"Howell and Coppens, 1974","Howell and Coppens, 1973","Wood and Constantino, 2007; Wood and Leakey, 2011","Feibel et al., 1989; Wynn et al., 2020",
L 338/X-33,#,1969,1974,1990,21,Ethiopia,Type area,7,L 338/X,Shungura,E,E-3,2.34-2.44,2.36-2.39,T,RP4,P. aethiopicus,P. aethiopicus,CTA,#,"Howell and Coppens, 1974","Suwa, 1990","Wood and Constantino, 2007; Wood and Leakey, 2011","Feibel et al., 1989; Wynn et al., 2020",
L 338/X-34,#,1969,1974,#,#,Ethiopia,Type area,7,L 338/X,Shungura,E,E-3,2.34-2.44,2.36-2.39,T,LM1or2,P. aethiopicus,P. aethiopicus,CTA,#,"Howell and Coppens, 1974",Undescribed,"Wood and Constantino, 2007; Wood and Leakey, 2011","Feibel et al., 1989; Wynn et al., 2020",
L 338/X-35,#,1969,1974,1990,21,Ethiopia,Type area,7,L 338/X,Shungura,E,E-3,2.34-2.44,2.36-2.39,T,RP3,P. aethiopicus,P. aethiopicus,CTA,#,"Howell and Coppens, 1974","Suwa, 1990","Wood and Constantino, 2007; Wood and Leakey, 2011","Feibel et al., 1989; Wynn et al., 2020",
L 338/X-39,#,1970,1974,#,#,Ethiopia,Type area,7,L 338/X,Shungura,E,E-3,2.34-2.44,2.36-2.39,T,LM3 crown,P. aethiopicus,P. aethiopicus,CTA,#,"Howell and Coppens, 1974",Undescribed,"Wood and Constantino, 2007; Wood and Leakey, 2011","Feibel et al., 1989; Wynn et al., 2020",
L 338/X-40,#,1970,1974,1990,20,Ethiopia,Type area,7,L 338/X,Shungura,E,E-3,2.34-2.44,2.36-2.39,T,LP4,P. aethiopicus,P. aethiopicus,CTA,#,"Howell and Coppens, 1974","Suwa, 1990","Wood and Constantino, 2007; Wood and Leakey, 2011","Feibel et al., 1989; Wynn et al., 2020",
L 338/X-41,#,1970?,1974,#,#,Ethiopia,Type area,7,L 338/X,Shungura,E,E-3,2.34-2.44,2.36-2.39,T,RC,Hominine GSI,Hominine GSI,GSI,#,"Howell and Coppens, 1974",Undescribed,GSI because no taxonomical allocation published,"Feibel et al., 1989; Wynn et al., 2020",
L 338/X-42,#,1970?,1974,#,#,Ethiopia,Type area,7,L 338/X,Shungura,E,E-3,2.34-2.44,2.36-2.39,T,Frag. enamel lower M,Hominine GSI,Hominine GSI,GSI,#,"Howell and Coppens, 1974",Undescribed,GSI because no taxonomical allocation published,"Feibel et al., 1989; Wynn et al., 2020",
L 338/Y-6,#,1969,1974,1978,9,Ethiopia,Type area,7,L 338/Y,Shungura,E,E-3,2.34-2.44,2.36-2.39,C,Juvenile skull frag.,P. aethiopicus,P. aethiopicus,CTA,J. de Heinzelin,"Howell and Coppens, 1974","Rak and Howell, 1978","Wood and Constantino, 2007; Wood and Leakey, 2011","Feibel et al., 1989; Wynn et al., 2020",
L 338/Y-9,#,1971,1974,#,#,Ethiopia,Type area,7,L 338/Y,Shungura,E,E-3,2.34-2.44,2.36-2.39,P,Juvenile humerus diaphysis,Hominine GSI,Hominine GSI,GSI,#,"Howell and Coppens, 1974",Undescribed,GSI because no taxonomical allocation published,"Feibel et al., 1989; Wynn et al., 2020",
L 338/Y-89,#,1971ou2,1974,1990,#,Ethiopia,Type area,7,L 338/Y,Shungura,E,E-3,2.34-2.44,2.36-2.39,T,LP3,P. aethiopicus,P. aethiopicus,CTA,#,"Howell and Coppens, 1974","Suwa, 1990","Wood and Constantino, 2007; Wood and Leakey, 2011","Feibel et al., 1989; Wynn et al., 2020",
L 345-11,#,1969,1974,#,#,Ethiopia,Type area,9,L 345,Shungura,C,C-9,~2.51,~2.51,C,R parietal frag.,Hominine GSI,Hominine GSI,GSI,#,"Howell and Coppens, 1974",Undescribed,"Wood and Leakey, 2011","Feibel et al., 1989",
L 362-14,#,1969,1974,#,#,Ethiopia,Type area,10,L 362,Shungura,C,C-5,~2.70,2.63-2.66,T,L(?)M1,Hominine GSI,Hominine GSI,GSI,#,"Howell and Coppens, 1974",Undescribed,"Wood and Leakey, 2011","Feibel et al., 1989; Wynn et al., 2020",
L 398-14,#,1971,1974,#,#,Ethiopia,Type area,11,L 398,Shungura,F,F0,~2.36,2.31-2.32,T,Rdm2 or RM1 frag.,P. aethiopicus,P. aethiopicus,CTA,#,"Howell and Coppens, 1974",Undescribed,"Wood and Constantino, 2007","Feibel et al., 1989; Wynn et al., 2020",
L 398-120,#,1971,1974,1990,19,Ethiopia,Type area,11,L 398,Shungura,F,F0,~2.36,2.31-2.32,T,RP3,P. aethiopicus,P. aethiopicus,CTA,#,"Howell and Coppens, 1974","Suwa, 1990","Wood and Constantino, 2007; Wood and Leakey, 2011","Feibel et al., 1989; Wynn et al., 2020",
L 398-264,#,1972,1974,#,#,Ethiopia,Type area,11,L 398,Shungura,F,F0,~2.36,2.31-2.32,T,RM1 frag.,P. aethiopicus,P. aethiopicus,CTA,#,"Howell and Coppens, 1974",Undescribed,"Wood and Constantino, 2007; Wood and Leakey, 2011","Feibel et al., 1989; Wynn et al., 2020",
L 398-266,#,1972,1974,#,#,Ethiopia,Type area,11,L 398,Shungura,F,F0,~2.36,2.31-2.32,T,RM3 frag.,P. aethiopicus,P. aethiopicus,CTA,#,"Howell and Coppens, 1974",Undescribed,"Wood and Constantino, 2007; Wood and Leakey, 2011","Feibel et al., 1989; Wynn et al., 2020",
L 398-573,#,1972,1974,#,#,Ethiopia,Type area,11,L 398,Shungura,F,F0,~2.36,2.31-2.32,T,LM3,aff. Homo sp.,aff. Homo sp.,NTA,#,"Howell and Coppens, 1974",Undescribed,"Howell et al., 1987; Wood and Leakey, 2011","Feibel et al., 1989; Wynn et al., 2020",
L 398-630,#,1972,1974,#,#,Ethiopia,Type area,11,L 398,Shungura,F,F0,~2.36,2.31-2.32,T,RM3,P. aethiopicus,P. aethiopicus,CTA,#,"Howell and Coppens, 1974",Undescribed,"Wood and Constantino, 2007; Wood and Leakey, 2011","Feibel et al., 1989; Wynn et al., 2020",
L 398-847,#,1972,1974,#,#,Ethiopia,Type area,11,L 398,Shungura,F,F0,~2.36,2.31-2.32,T,LM3 frag.,P. aethiopicus,P. aethiopicus,CTA,#,"Howell and Coppens, 1974",Undescribed,"Wood and Constantino, 2007; Wood and Leakey, 2011","Feibel et al., 1989; Wynn et al., 2020",
L 398-1215,#,1972,1974,#,#,Ethiopia,Type area,11,L 398,Shungura,F,F0,~2.36,2.31-2.32,T,RM frag.,Hominine GSI,Hominine GSI,GSI,#,"Howell and Coppens, 1974",Undescribed,"Wood and Constantino, 2007; Wood and Leakey, 2011","Feibel et al., 1989; Wynn et al., 2020",
L 398-1223,#,1972,1974,#,#,Ethiopia,Type area,11,L 398,Shungura,F,F0,~2.36,2.31-2.32,T, RP4 germ,P. aethiopicus,P. aethiopicus,CTA,#,"Howell and Coppens, 1974",Undescribed,"Suwa, 1990; Wood and Leakey, 2011","Feibel et al., 1989; Wynn et al., 2020",
L 398-1699,#,1973,1986,#,#,Ethiopia,Type area,11,L 398,Shungura,F,F0,~2.36,2.31-2.32,T,C,aff. Homo sp.,aff. Homo sp.,NTA,#,"Hunt and Vitzthum, 1986",Undescribed,"Howell et al., 1987; White, 1988","Feibel et al., 1989; Wynn et al., 2020",
L 398-2230,#,1973,1987,1990,17,Ethiopia,Type area,11,L 398,Shungura,F,F0,~2.36,2.31-2.32,T,P4,aff. Homo sp.,aff. Homo sp.,NTA,#,"Howell et al., 1987","Suwa, 1990","Howell et al., 1987;  Suwa, 1990; Wood and Leakey, 2011","Feibel et al., 1989; Wynn et al., 2020",
L 398-2282,#,1973,1987,#,#,Ethiopia,Type area,11,L 398,Shungura,F,F0,~2.36,2.31-2.32,T,RM frag.,Hominine GSI,Hominine GSI,GSI,#,"Howell et al., 1987",Undescribed,"Wood and Leakey, 2011","Feibel et al., 1989; Wynn et al., 2020",
L 398-2608,#,1973,1986,#,#,Ethiopia,Type area,11,L 398,Shungura,F,F0,~2.36,2.31-2.32,T,RM3 frag.,P. aethiopicus,P. aethiopicus,CTA,#,"Hunt and Vitzthum, 1986",Undescribed,"Wood and Leakey, 2011","Feibel et al., 1989; Wynn et al., 2020",
L 398-2626,#,19??,1987,1990,#,Ethiopia,Type area,11,L 398,Shungura,F,F0,~2.36,2.31-2.32,T,RP4 frag.,aff. Homo sp.,aff. Homo sp.,NTA,#,"Howell et al., 1987","Suwa, 1990","Wood and Leakey, 2011","Deduced from Feibel at al., 1989; Wynn et al., 2020",
L 398-2627,#,19??,1987,#,#,Ethiopia,Type area,11,L 398,Shungura,F,F0,~2.36,2.31-2.32,T,M frag.,Hominine GSI,Hominine GSI,GSI,#,"Howell et al., 1987",Undescribed,"Wood and Leakey, 2011","Deduced from Feibel at al., 1989; Wynn et al., 2020",
L 420-15,#,1970,1974,#,#,Ethiopia,Type area,11,L 420,Shungura,F,F-3,~2.34,2.25-2.30,T,LP4 crown,P. aethiopicus,P. aethiopicus,CTA,#,"Howell and Coppens, 1974",Undescribed,"Wood and Constantino, 2007; Wood and Leakey, 2011","Feibel et al., 1989 ; Wynn et al., 2020",
L 427-7,#,1970,1974,1990,20,Ethiopia,Type area,11,L 427,Shungura,G,G-4,2.15-2.25,2.15-2.15,M,Mandibular body with teeth,P. boisei,P. boisei,CTA,#,"Howell and Coppens, 1974","Suwa, 1990","Wood and Constantino, 2007; Wood and Leakey, 2011","Feibel et al., 1989; Wynn et al., 2020",
L 465-111,#,1971,1974,1990,19,Ethiopia,Type area,10,L 465,Shungura,F,F1,~2.34,2.30-2.31,T,LP3 frag.,P. aethiopicus,P. aethiopicus,CTA,#,"Howell and Coppens, 1974","Suwa, 1990","Wood and Constantino, 2007; Wood and Leakey, 2011","Feibel et al., 1989; Wynn et al., 2020",
L 465-112,#,1971,1974,#,#,Ethiopia,Type area,10,L 465,Shungura,F,F1,~2.34,2.30-2.31,T,LM2 frag.,P. aethiopicus,P. aethiopicus,CTA,#,"Howell and Coppens, 1974",Undescribed,"Wood and Constantino, 2007; Wood and Leakey, 2011","Feibel et al., 1989; Wynn et al., 2020",
L 465-113,#,1971,1974,#,#,Ethiopia,Type area,10,L 465,Shungura,F,F1,~2.34,2.30-2.31,T,LM frag.,Hominine GSI,Hominine GSI,GSI,#,"Howell and Coppens, 1974",Undescribed,"Wood and Leakey, 2011","Feibel et al., 1989; Wynn et al., 2020",
L 561-1,#,#,1974,#,#,Ethiopia,Type area,9,L 561,Shungura,C,C-9,2.46-2.56,2.46-2.56,T,LI2 frag.,Hominine GSI,Hominine GSI,GSI,#,"Howell and Coppens, 1974",Undescribed,GSI because no taxonomical allocation published,"Feibel et al., 1989",
L 571-2,#,1970,1974,#,#,Ethiopia,Type area,8,L 571,Shungura,D,D-5,~2.40,~2.40,T,LI1,Hominine GSI,Hominine GSI,GSI,#,"Howell and Coppens, 1974",Undescribed,"Wood and Leakey, 2011","Feibel et al., 1989",
L 576-27,#,#,1973,1973,#,Ethiopia,Type area,8,L 576,Shungura,C,C-9,2.5-2.6,2.50-2.60,T,Rdm2,Hominine GSI,Hominine GSI,GSI,#,"Howell and Coppens, 1974","Howell and Coppens, 1973","Wood and Leakey, 2011","Feibel et al., 1989",
L 576-18,#,#,1974,#,#,Ethiopia,Type area,8,L 576,Shungura,C,C-9,2.50-2.6,2.50-2.60,P,R (?) dist. phalanx hallux,Hominine GSI,Hominine GSI,GSI,#,"Howell and Coppens, 1974",Undescribed,GSI because no taxonomical allocation published,"Feibel et al., 1989",
L 626-45,#,1971,1974,#,#,Ethiopia,Type area,7,L 626,Shungura,G,G-12,2.04,2.04,T,LI1,Hominine GSI,Hominine GSI,GSI,#,"Howell and Coppens, 1974",Undescribed,GSI because no taxonomical allocation published,"Feibel et al., 1989",
L 628-1,#,1970,1974,1990,20,Ethiopia,Type area,3,L 628,Shungura,G,G-3,2.15-2.25,2.15-2.18,T,LP4,P. boisei,P. boisei,CTA,#,"Howell and Coppens, 1974","Suwa, 1990","Wood and Constantino, 2007; Wood and Leakey, 2011","Feibel et al., 1989; Wynn et al., 2020",
L 628-2,#,1970,1974,#,#,Ethiopia,Type area,3,L 628,Shungura,G,G-3,2.15-2.25,2.15-2.18,T,M3 frag.,P. boisei,P. boisei,CTA,#,"Howell and Coppens, 1974",Undescribed,"Wood and Constantino, 2007; Wood and Leakey, 2011","Feibel et al., 1989; Wynn et al., 2020",
L 628-3,#,1970,1974,#,#,Ethiopia,Type area,3,L 628,Shungura,G,G-3,2.15-2.25,2.15-2.18,T,LM3,P. boisei,P. boisei,CTA,#,"Howell and Coppens, 1974",Undescribed,"Wood and Constantino, 2007; Wood and Leakey, 2011","Feibel et al., 1989; Wynn et al., 2020",
L 628-4,#,1970,1974,1990,20,Ethiopia,Type area,3,L 628,Shungura,G,G-3,2.15-2.25,2.15-2.18,T,LP4,P. boisei,P. boisei,CTA,#,"Howell and Coppens, 1974","Suwa, 1990","Wood and Constantino, 2007; Wood and Leakey, 2011","Feibel et al., 1989; Wynn et al., 2020",
L 628-5,#,1970,1974,1990,20,Ethiopia,Type area,3,L 628,Shungura,G,G-3,2.15-2.25,2.15-2.18,T,RP4,P. boisei,P. boisei,CTA,#,"Howell and Coppens, 1974","Suwa, 1990","Wood and Constantino, 2007; Wood and Leakey, 2011","Feibel et al., 1989; Wynn et al., 2020",
L 628-6,#,1970,1974,#,#,Ethiopia,Type area,3,L 628,Shungura,G,G-3,2.15-2.25,2.15-2.18,T,RI1,Hominine GSI,Hominine GSI,GSI,#,"Howell and Coppens, 1974",Undescribed,GSI because no taxonomical allocation published,"Feibel et al., 1989; Wynn et al., 2020",
L 628-7,#,1970,1974,#,#,Ethiopia,Type area,3,L 628,Shungura,G,G-3,2.15-2.25,2.15-2.18,T,Lower M frag.,Hominine GSI,Hominine GSI,GSI,#,"Howell and Coppens, 1974",Undescribed,"Wood and Leakey, 2011","Feibel et al., 1989; Wynn et al., 2020",
L 628-8,#,1970,1974,#,#,Ethiopia,Type area,3,L 628,Shungura,G,G-3,2.15-2.25,2.15-2.18,T,M frag.,Hominine GSI,Hominine GSI,GSI,#,"Howell and Coppens, 1974",Undescribed,"Wood and Leakey, 2011","Feibel et al., 1989; Wynn et al., 2020",
L 628-9,#,1970,1974,#,#,Ethiopia,Type area,3,L 628,Shungura,G,G-3,2.15-2.25,2.15-2.18,T,LM1or2,P. boisei,P. boisei,CTA,#,"Howell and Coppens, 1974",Undescribed,"Wood and Constantino, 2007; Wood and Leakey, 2011","Feibel et al., 1989; Wynn et al., 2020",
L 628-10,#,1970,1974,#,#,Ethiopia,Type area,3,L 628,Shungura,G,G-3,2.15-2.25,2.15-2.18,T,LM1or2,aff. Homo sp.,aff. Homo sp.,NTA,#,"Howell and Coppens, 1974",Undescribed,"Wood and Leakey, 2011","Feibel et al., 1989; Wynn et al., 2020",
L 628-224,#,1971,1974,1990,19,Ethiopia,Type area,3,L 628,Shungura,G,G-3,2.15-2.25,2.15-2.18,T,LP3 frag.,aff. Homo sp.,aff. Homo sp.,NTA,#,"Howell and Coppens, 1974","Suwa, 1990","Suwa, 1990; Wood and Leakey, 2011","Feibel et al., 1989; Wynn et al., 2020",
L 704-2,#,1970,1973,1973,3,Ethiopia,Type area,4,L 704,Shungura,D,D-3,2.40,2.40,T,Ldm1,P. aethiopicus,P. aethiopicus,CTA,#,"Howell and Coppens, 1974","Howell and Coppens, 1973","Wood and Leakey, 2011","Feibel et al., 1989",
L 726-11,#,1970,1974,1990,20,Ethiopia,Type area,9,L 726,Shungura,G,G-5,2.15-2.15,2.10,T,RP4 frag.,P. boisei,P. boisei,CTA,#,"Howell and Coppens, 1974","Suwa, 1990","Wood and Constantino, 2007; Wood and Leakey, 2011","Feibel et al., 1989; Wynn et al., 2020",
L 754-8,#,1969,1974,#,#,Ethiopia,Type area,11,L 754,Shungura,G,G-4,2.15-2.25,2.15-2.25,P,L femur diaphysis frag.,Hominine GSI,Hominine GSI,GSI,#,"Howell and Coppens, 1974",Undescribed,"McHenry, 1994","Feibel et al.,1989",
L 795-1,#,1971,1974,#,#,Ethiopia,Type area,15,L 795,Shungura,C/B,C-1/B-12,~2.80,~2.80,T,RM2or3 germ,Hominine GSI,Hominine GSI,GSI,#,"Howell and Coppens, 1974",Undescribed,"Wood and Leakey, 2011","Feibel et al., 1989",
L 797-1,#,1971,1974,1990,19,Ethiopia,Type area,12,L 797,Shungura,G,G-5,2.15-2.15,2.10,T,LP4 frag.,P. boisei,P. boisei,CTA,#,"Howell and Coppens, 1974","Suwa, 1990","Wood and Constantino, 2007; Wood and Leakey, 2011","Feibel et al., 1989; Wynn et al., 2020",
L 824-5,#,1973,1986,#,#,Ethiopia,Type area,13,L 824,Shungura,D,D-1,~2.50,~2.50,T,LM1,Hominine GSI,Hominine GSI,GSI,#,"Hunt and Vitzthum, 1986",Undescribed,"Wood and Leakey, 2011","Feibel et al.,1989",
L 849-1,#,1972,1974,#,#,Ethiopia,Type area,10,L 849,Shungura,C,C-5,~2.70,2.63-2.66,T,RM2or3 dist. frag.,Hominine GSI,Hominine GSI,GSI,#,"Howell and Coppens, 1974",Undescribed,"Wood and Leakey, 2011","Feibel et al., 1989; Wynn et al., 2020",
L 852-15,#,#,1974,#,#,Ethiopia,Type area,10,L 852,Shungura,C,C-6,2.60-2.80,2.60-2.80,T,RI1,Hominine GSI,Hominine GSI,GSI,#,"Howell and Coppens, 1974",Undescribed,GSI because no taxonomical allocation published,"Feibel et al.,1989",
L 860-2,#,1973,1978,#,#,Ethiopia,Type area,12,L 860,Shungura,F,F-1,2.28-2.38,2.28-2.38,M,Partial mandibular body with teeth,P. aethiopicus,P. aethiopicus,CTA,#,"Howell, 1978",Undescribed,"Wood and Constantino, 2007; Wood and Leakey, 2011","Feibel et al., 1989",
L 880-1,a,1973,1989,#,#,Ethiopia,Type area,13,L 880,Shungura,D,D-5,2.42-2.43,~2.40,T,LM1,Hominine GSI,Hominine GSI,GSI,#,"Feibel et al., 1989",Undescribed,"Wood and Leakey, 2011","Feibel et al., 1989; Wynn et al., 2020",
L 880-1,b,1973,1989,#,#,Ethiopia,Type area,13,L 880,Shungura,D,D-5,2.42-2.43,~2.40,T,LM2,Hominine GSI,Hominine GSI,GSI,#,"Feibel et al., 1989",Undescribed,"Wood and Leakey, 2011","Feibel et al., 1989; Wynn et al., 2020",
L 880-1,c,1973,1989,#,#,Ethiopia,Type area,13,L 880,Shungura,D,D-5,2.42-2.43,~2.40,T,LM1 frag.,Hominine GSI,Hominine GSI,GSI,#,"Feibel et al., 1989",Undescribed,"Wood and Leakey, 2011","Feibel et al., 1989; Wynn et al., 2020",
L 880-1,d,1973,1989,#,#,Ethiopia,Type area,13,L 880,Shungura,D,D-5,2.42-2.43,~2.40,T,LM,Hominine GSI,Hominine GSI,GSI,#,"Feibel et al., 1989",Undescribed,"Wood and Leakey, 2011","Feibel et al., 1989; Wynn et al., 2020",
L 880-2,A,1973,1989,1990,17,Ethiopia,Type area,13,L 880,Shungura,D,D-5,2.42-2.43,~2.40,T,LP4 frag.,Hominine GSI,Hominine GSI,GSI,#,"Feibel et al., 1989","Suwa, 1990","Wood and Leakey, 2011","Feibel et al., 1989; Wynn et al., 2020",
L 880-2,B,1973,1989,#,#,Ethiopia,Type area,13,L 880,Shungura,D,D-5,2.42-2.43,~2.40,T,LM frag.,Hominine GSI,Hominine GSI,GSI,#,"Feibel et al., 1989",Undescribed,"Wood and Leakey, 2011","Feibel et al., 1989; Wynn et al., 2020",
L 894-1,#,1973,1976,1977,4,Ethiopia,Type area,5,L 894,Shungura,G,G-28,2-2.01,1.88-1.90,C,Fragmented skull,H. habilis,H. habilis,CTA,M.J. Kithumbi and F.C. Howell,"Howell and Coppens, 1976","Boaz and Howell, 1977","Boaz and Howell, 1977","Feibel et al., 1989; Wynn et al., 2020",
OMO 18-1967-18,#,1967,1967,1967,0,Ethiopia,Type area,17,OMO 18,Shungura,C,C-8,2.55-2.65,2.54-2.56,M,Mandibular body without teeth,P. aethiopicus H,P. aethiopicus H,CTA,R. Houin,"Arambourg and Coppens, 1967","Arambourg and Coppens, 1967","Arambourg and Coppens, 1967","Feibel et al., 1989; Wynn et al., 2020",
OMO 18-1968-31,#,1968,1970,1990,22,Ethiopia,Type area,17,OMO 18,Shungura,C,C-8,2.55-2.65,2.54-2.56,T,LP3,P. aethiopicus,P. aethiopicus,CTA,#,"Coppens, 1970","Suwa, 1990","Suwa et al., 1996; Wood and Constantino, 2007; Wood and Leakey 2011","Feibel et al., 1989; Wynn et al., 2020",
OMO 18-1968-32,#,1968,1970,1970,2,Ethiopia,Type area,17,OMO 18,Shungura,C,C-8,2.55-2.65,2.54-2.56,T,RM1,P. aethiopicus,P. aethiopicus,CTA,#,"Coppens, 1970","Coppens, 1970","Deduced by parsimony from Coppens, 1970","Feibel et al., 1989; Wynn et al., 2020",
OMO 18-1968-33,#,1968,1970,1970,2,Ethiopia,Type area,17,OMO 18,Shungura,C,C-8,2.55-2.65,2.54-2.56,T,LP3,Hominine GSI,Hominine GSI,GSI,#,"Coppens, 1970","Coppens, 1970","Suwa et al., 1996","Feibel et al., 1989; Wynn et al., 2020",
OMO 18-1968-34,#,1968,1970,1970,2,Ethiopia,Type area,17,OMO 18,Shungura,C,C-8,2.55-2.65,2.54-2.56,T,LM1or2 germ,P. aethiopicus,P. aethiopicus,CTA,#,"Coppens, 1970","Coppens, 1970","Suwa et al., 1996","Feibel et al., 1989; Wynn et al., 2020",
OMO 18-1968-35,#,1968,1970,1970,2,Ethiopia,Type area,17,OMO 18,Shungura,C,C-8,2.55-2.65,2.54-2.56,T,LM3 frag.,P. aethiopicus,P. aethiopicus,CTA,#,"Coppens, 1970","Coppens, 1970","Deduced by parsimony from Coppens, 1970","Feibel et al., 1989; Wynn et al., 2020",
OMO 18-1968-36,#,1968,1970,1970,2,Ethiopia,Type area,17,OMO 18,Shungura,C,C-8,2.55-2.65,2.54-2.56,T,LI1,Hominine GSI,Hominine GSI,GSI,#,"Coppens, 1970","Coppens, 1970","Wood and Leakey, 2011","Feibel et al., 1989; Wynn et al., 2020",
OMO 18-1968-37,#,1968,1970,1970,2,Ethiopia,Type area,17,OMO 18,Shungura,C,C-8,2.55-2.65,2.54-2.56,T,RI2,P. aethiopicus,P. aethiopicus,CTA,#,"Coppens, 1970","Coppens, 1970","Deduced by parsimony from Coppens, 1970","Feibel et al., 1989; Wynn et al., 2020",
OMO 18-1968-38,#,1968,1970,1970,2,Ethiopia,Type area,17,OMO 18,Shungura,C,C-8,2.55-2.65,2.54-2.56,T,RI2,P. aethiopicus,P. aethiopicus,CTA,#,"Coppens, 1970","Coppens, 1970","Deduced by parsimony from Coppens, 1970","Feibel et al., 1989; Wynn et al., 2020",
OMO 18-1968-39,#,1968,1970,1970,2,Ethiopia,Type area,17,OMO 18,Shungura,C,C-8,2.55-2.65,2.54-2.56,T,RI1,Hominine GSI,Hominine GSI,GSI,#,"Coppens, 1970","Coppens, 1970","Wood and Leakey, 2011","Feibel et al., 1989; Wynn et al., 2020",
OMO 18-1968-40,#,1968,1970,1970,2,Ethiopia,Type area,17,OMO 18,Shungura,C,C-8,2.55-2.65,2.54-2.56,T,LI1,P. aethiopicus,P. aethiopicus,CTA,#,"Coppens, 1970","Coppens, 1970","Deduced by parsimony from Coppens, 1970","Feibel et al., 1989; Wynn et al., 2020",
OMO 18-1968-1181,#,1968,2011,#,#,Ethiopia,Type area,17,OMO 18,Shungura,C,C-8,2.55-2.65,2.54-2.56,T,Rdm2,Hominine GSI,Hominine GSI,GSI,#,"Wood and Leakey, 2011",Undescribed,"Wood and Leakey, 2011","Feibel et al., 1989; Wynn et al., 2020",
OMO 18-1970-1799,#,1970,1973,1973,3,Ethiopia,Type area,17,OMO 18,Shungura,C,C-8,2.55-2.65,2.54-2.56,T,LM1,P. aethiopicus,P. aethiopicus,CTA,R. Bonnefille,"Coppens, 1973a","Coppens, 1973a","Wood and Leakey, 2011","Feibel et al., 1989; Wynn et al., 2020",
OMO 18-1970-1848,#,1970,1973,1973,3,Ethiopia,Type area,17,OMO 18,Shungura,C,C-8,2.55-2.65,2.54-2.56,P,L interm. hand phalanx,Hominine GSI,Australopithecus sp.,NTA,R. Bonnefille,"Coppens, 1973a","Coppens, 1973a","McHenry, 1994; Wood and Leakey, 2011","Feibel et al., 1989; Wynn et al., 2020",
OMO 18/inf-10022,#,2006-7,2008,#,#,Ethiopia,Type area,17,OMO 18,Shungura,C,#,~2.58-2.74,~2.58-2.74,T,Upper M crown frag.,cf. P. aethiopicus,cf. P. aethiopicus,UTA,#,"Boisserie et al., 2008",Undescribed,"Boisserie et al., 2008","Boisserie et al., 2008",
OMO 20/1-1973-1886,#,1973,1980,#,#,Ethiopia,Type area,17,OMO 20,Shungura,A,Upper A/B,3.36-3.50,3.36-3.50,T,LI1,Australopithecus sp.,Australopithecus sp.,SPI,#,"Coppens, 1980",Undescribed,"Coppens, 1980; Wood and Leakey, 2011","Feibel et al., 1989",
OMO 20/4-1970-272,#,1970,1980,#,#,Ethiopia,Type area,17,OMO 20,Shungura,B,B-2,~3.10,~3.10,T,LC,Australopithecus sp.,Australopithecus sp.,SPI,#,"Coppens, 1980",Undescribed,"Coppens, 1980; Wood and Leakey, 2011","Feibel et al., 1989",
OMO 28-1967-19,#,1967,1970,1970,3,Ethiopia,Type area,15,OMO 28,Shungura,B,B-10-1,2.97-3.07,2.90-3.00,T,RM3 germ,Australopithecus sp.,Australopithecus sp.,SPI,D. Touaffe,"Coppens, 1970","Coppens, 1970","Wood and Leakey, 2011","Feibel et al., 1989; Wynn et al., 2020",
OMO 28-1973-4540,#,1973,1989,#,#,Ethiopia,Type area,15,OMO 28,Shungura,B,B-10-1,2.97-3.07,2.90-3.00,P,Prox. foot phalanx,Hominine GSI,Hominine GSI,GSI,#,"Feibel et al., 1989",Undescribed,"McHenry, 1994","Feibel et al., 1989; Wynn et al., 2020",
OMO 28/S-1968-30,#,1968,1970,1970,2,Ethiopia,Type area,15,OMO 28/S,Shungura,B,B-10-1,2.97-3.07,2.90-3.00,T,RM3,Hominine GSI,Australopithecus sp.,NTA,A. N'Zoni,"Coppens, 1970","Coppens, 1970","Suwa et al., 1996; Wood and Leakey, 2011","Feibel et al., 1989; Wynn et al., 2020",
OMO 29/1-1968-43,#,1968,1971,1990,22,Ethiopia,Type area,18,OMO 29,Shungura,G,Lower G,~2.20,~2.20,T,RP3,aff. Homo sp.,H. habilis,NTA,#,"Coppens, 1971","Suwa, 1990","Coppens, 1980; Suwa et al., 1996; Wood and Leakey, 2011","Feibel et al., 1989",
OMO 33-1969-9,#,1969,1970,1970,1,Ethiopia,Type area,16,OMO 33,Shungura,F,F-0,2.31-2.41,2.31-2.32,T,RM3,P. aethiopicus,P. aethiopicus,CTA,#,"Coppens, 1970","Coppens, 1970","Suwa et al., 1996; Wood and Constantino, 2007","Feibel et al., 1989; Wynn et al., 2020",
OMO 33-1969-10,#,1969,1970,1970,1,Ethiopia,Type area,16,OMO 33,Shungura,F,F-0,2.31-2.41,2.31-2.32,T,LM2,Hominine GSI,P. aethiopicus,NTA,#,"Coppens, 1970","Coppens, 1970","Deduced by parsimony from Coppens, 1970; White, 1988","Feibel et al., 1989; Wynn et al., 2020",
OMO 33-1970-62,#,1970,1973,1990,20,Ethiopia,Type area,16,Omo 33,Shungura,F,F-0,2.31-2.41,2.31-2.32,T,LP4 bucc. half,P. aethiopicus,P. aethiopicus,CTA,#,"Coppens, 1973a","Suwa, 1990","Wood and Constantino, 2007","Feibel et al., 1989; Wynn et al., 2020",
OMO 33-1970-63,#,1970,1973,1973,3,Ethiopia,Type area,16,Omo 33,Shungura,F,F-0,2.31-2.41,2.31-2.32,T,RM1or2,P. aethiopicus,P. aethiopicus,CTA,#,"Coppens, 1973a","Coppens, 1973a","Wood and Constantino, 2007","Feibel et al., 1989; Wynn et al., 2020",
OMO 33-1970-64,#,1970,1973,#,#,Ethiopia,Type area,16,OMO 33,Shungura,F,F-0,2.31-2.41,2.31-2.32,T,RM frag.,Hominine GSI,Hominine GSI,GSI,#,"Coppens, 1973a",Undescribed,"White, 1988","Feibel et al., 1989; Wynn et al., 2020",
OMO 33-1970-65,#,1970,1973,#,#,Ethiopia,Type area,16,OMO 33,Shungura,F,F-0,2.31-2.41,2.31-2.32,T,LM3 germ,P. aethiopicus,P. aethiopicus,CTA,#,"Coppens, 1973a","Coppens, 1973a","Wood and Constantino, 2007","Feibel et al., 1989; Wynn et al., 2020",
OMO 33-1971-506,#,1971,1973,1990,19,Ethiopia,Type area,16,OMO 33,Shungura,F,F-0,2.31-2.41,2.31-2.32,T,RP3,aff. Homo sp.,P. aethiopicus,NTA,#,"Coppens, 1973a","Suwa, 1990","Suwa 1990; Wood and Constantino, 2007; Wood and Leakey 2011","Feibel et al., 1989; Wynn et al., 2020",
OMO 33-1971-507,#,1971,1973,1990,19,Ethiopia,Type area,16,OMO 33,Shungura,F,F-0,2.31-2.41,2.31-2.32,T,RP4,P. aethiopicus,P. aethiopicus,CTA,#,"Coppens, 1973a","Suwa, 1990","Wood and Constantino, 2007","Feibel et al., 1989; Wynn et al., 2020",
OMO 33-1971-508,#,1971,1973,1990,19,Ethiopia,Type area,16,OMO 33,Shungura,F,F-0,2.31-2.41,2.31-2.32,T,LP4,P. aethiopicus,P. aethiopicus,CTA,#,"Coppens, 1973a","Suwa, 1990","Wood and Constantino, 2007","Feibel et al., 1989; Wynn et al., 2020",
OMO 33-1971-509,#,1971,1973,#,#,Ethiopia,Type area,16,OMO 33,Shungura,F,F-0,2.31-2.41,2.31-2.32,T,LM1 frag.,Hominine GSI,Hominine GSI,GSI,#,"Coppens, 1973a",Undescribed,"White, 1988","Feibel et al., 1989; Wynn et al., 2020",
OMO 33-1971-740,#,1971,1987,1990,19,Ethiopia,Type area,16,OMO 33,Shungura,F,F-0,2.31-2.41,2.31-2.32,T,RP3,aff. Homo sp.,aff. Homo sp.,NTA,#,"Howell et al., 1987","Suwa, 1990","Howell et al., 1987; Suwa, 1990","Feibel et al., 1989; Wynn et al., 2020",
OMO 33-1972-31,#,1972,1987,1990,18,Ethiopia,Type area,16,OMO 33,Shungura,F,F-0,2.31-2.41,2.31-2.32,T,R(?)P3 frag.,P. aethiopicus,P. aethiopicus,CTA,#,"Howell et al., 1987",Undescribed,"White, 1988; Suwa, 1990; Wood and Leakey 2011","Feibel et al., 1989; Wynn et al., 2020",
OMO 33-1973-3282,#,1973,1987,1990,17,Ethiopia,Type area,16,OMO 33,Shungura,F,F-0,2.31-2.41,2.31-2.32,T,LP4,aff. Homo sp.,aff. Homo sp.,NTA,#,"Howell et al., 1987","Suwa, 1990","Howell et al., 1987;  Suwa, 1990; Wood, 1991;  Wood and  Leakey 2011","Feibel et al., 1989; Wynn et al., 2020",
OMO 33-1973-3325,#,1973,1987,#,#,Ethiopia,Type area,16,OMO 33,Shungura,F,F-0,2.31-2.41,2.31-2.32,T,LM frag.,Hominine GSI,Hominine GSI,GSI,#,"Howell et al., 1987",Undescribed,"Howell et al, 1987; White, 1988; Wood and Leakey, 2011","Feibel et al., 1989; Wynn et al., 2020",
OMO 33-1973-5496,#,1973,1986,1990,17,Ethiopia,Type area,16,OMO 33,Shungura,F,F-0,2.31-2.41,2.31-2.32,T,LP3,aff. Homo sp.,aff. Homo sp.,NTA,#,"Hunt and Vitzthum, 1986","Suwa, 1990","Howell et al, 1987","Feibel et al., 1989; Wynn et al., 2020",
OMO 33-1973-5497,#,1973,1987,#,#,Ethiopia,Type area,16,OMO 33,Shungura,F,F-0,2.31-2.41,2.31-2.32,T,RM1,Hominine GSI,Hominine GSI,GSI,#,"Howell et al., 1987",Undescribed,"White, 1988; Wood and Leakey, 2011","Feibel et al., 1989; Wynn et al., 2020",
OMO 33-1974-896,#,1974,1986,1986,12,Ethiopia,Type area,16,OMO 33,Shungura,F,F-0,2.31-2.41,2.31-2.32,P,Calcaneum,Hominine GSI,Hominine GSI,GSI,#,"Deloison, 1986","Deloison, 1986","Deloison, 1986","Feibel et al., 1989; Wynn et al., 2020",
OMO 33-1974-3721,#,1974,1987,#,#,Ethiopia,Type area,16,OMO 33,Shungura,F,F-0,2.31-2.41,2.31-2.32,T,M frag.,Hominine GSI,Hominine GSI,GSI,#,"Howell et al., 1987",Undescribed,"White, 1988; Wood and Leakey, 2011","Feibel et al., 1989; Wynn et al., 2020",
OMO 33-1974-4000,#,1974,1980,#,#,Ethiopia,Type area,16,OMO 33,Shungura,F,F-0,2.31-2.41,2.31-2.32,T,LP4,Hominine GSI,Hominine GSI,GSI,#,"Coppens, 1980",Undescribed,"Wood and Leakey, 2011","Feibel et al., 1989; Wynn et al., 2020",
OMO 33-1974-6172,#,1974,1987,#,#,Ethiopia,Type area,16,OMO 33,Shungura,F,F-0,2.31-2.41,2.31-2.32,T,RM3,P. aethiopicus,P. aethiopicus,CTA,#,"Howell et al., 1987",Undescribed,"Howell et al, 1987; Wood and Constantino, 2007; Wood and Leakey, 2011","Feibel et al., 1989; Wynn et al., 2020",
OMO 33/E-1974-3495,#,1974,1987,1990,16,Ethiopia,Type area,16,OMO 33/E,Shungura,E,Middle E,~2.40,2.31-2.32,T,LP3,Hominine GSI,aff. Homo sp.,NTA,#,"Howell et al., 1987","Suwa, 1990","Howell et al., 1987; White, 1988; Suwa, 1990; Wood and Leakey, 2011","Feibel et al., 1989; Wynn et al., 2020",
OMO 35-1973-4022,#,1973,1988,#,#,Ethiopia,Type area,15,OMO 35,Shungura,G,G-1,2.2-2.24,~2.20,T,M frag.,Hominine GSI,Hominine GSI,GSI,#,"White, 1988",Undescribed,"White, 1988","Feibel et al., 1989; Wynn et al., 2020",
OMO 35-1973-4023,#,1973,1988,#,#,Ethiopia,Type area,15,OMO 35,Shungura,G,G-1,2.2-2.24,~2.20,T,LM2or3,Hominine GSI,Hominine GSI,GSI,#,"White, 1988",Undescribed,"White, 1988","Feibel et al., 1989; Wynn et al., 2020",
OMO 35-1973-4024,#,1973,1988,#,#,Ethiopia,Type area,15,OMO 35,Shungura,G,G-1,2.2-2.24,~2.20,T,RM1or2,Hominine GSI,Hominine GSI,GSI,#,"White, 1988",Undescribed,"White, 1988","Feibel et al., 1989; Wynn et al., 2020",
OMO 44-1970-1410,#,1970,1973,1990,20,Ethiopia,Type area,18,OMO 44,Shungura,E,E-1,2.35-2.45,2.35-2.45,T,RP4,P. aethiopicus,P. aethiopicus,CTA,#,"Coppens, 1973a","Suwa, 1990","Wood and Constantino, 2007","Feibel et al., 1989",
OMO 44-1970-2466,#,1970,1973,1973,3,Ethiopia,Type area,18,OMO 44,Shungura,E,E-1,2.35-2.45,2.35-2.45,M,L mandibular body frag.,P. aethiopicus,P. aethiopicus,CTA,J. de Heinzelin,"Coppens, 1973a","Coppens, 1973a","Wood and Leakey, 2011","Feibel et al., 1989",
OMO 47-1968-45,#,1968,1971,1971,3,Ethiopia,Type area,20,OMO 47,Shungura,G,G-8,2.10-2.15,2.10-2.15,T,LM1,Homo sp.,Homo sp.,SPI,#,"Coppens, 1971","Coppens, 1971","Wood and Leakey, 2011","Feibel et al., 1989; Daver et al., 2018",
OMO 47-1968-46,#,1968,1971,1971,3,Ethiopia,Type area,20,OMO 47,Shungura,G,G-8,2.10-2.15,2.10-2.15,T,RM2,P. boisei,P. boisei,CTA,#,"Coppens, 1971","Coppens, 1971","Suwa et al., 1996; Wood and Leakey, 2011","Feibel et al., 1989; Daver et al., 2018",
OMO 47-1968-47,#,1968,1971,1971,3,Ethiopia,Type area,20,OMO 47,Shungura,G,G-8,2.10-2.15,2.10-2.15,T,RM3 frag.,H. cf. habilis,H. cf. habilis,UTA,#,"Coppens, 1971","Coppens, 1971","Wood and Leakey, 2011","Feibel et al., 1989; Daver et al., 2018",
OMO 47-1969-20,#,1969,1973,#,#,Ethiopia,Type area,20,OMO 47,Shungura,G,G-8,2.10-2.15,2.10-2.15,T,Upper M frag.,Hominine GSI,Hominine GSI,GSI,#,"Coppens, 1973b",Undescribed,"Wood and Leakey, 2011","Feibel et al., 1989; Daver et al., 2018",
OMO 47-1973-1500,#,1973,1986,#,#,Ethiopia,Type area,20,OMO 47,Shungura,G,G-8,2.10-2.15,2.10-2.15,T,RM2,P. boisei,P. boisei,CTA,#,"Hunt and Vitzthum, 1986",Undescribed,"Wood and Constantino, 2007; Wood and Leakey, 2011","Feibel et al., 1989; Daver et al., 2018",
OMO 57/4-1968-41,#,1968,1970,1970,2,Ethiopia,Type area,23,OMO 57/4,Shungura,E,E-4,2.32-2.42,2.32-2.42,M,R mandibular body with P4,P. aethiopicus,P. aethiopicus,CTA,A. N'Zoni and C. Guillemeot,"Coppens, 1970",Coppens 1970,"Suwa et al., 1996; Wood and Constantino, 2007; Wood and Leakey, 2011","Feibel et al., 1989",
OMO 57/4-1968-42,#,1968,1970,#,#,Ethiopia,Type area,23,OMO 57/4,Shungura,E,E-4,2.32-2.42,2.32-2.42,T,LM1 incomplete gem,P. aethiopicus,P. aethiopicus,CTA,#,"Coppens, 1970",Undescribed,"Wood and Constantino, 2007; Wood and Leakey, 2011","Feibel et al., 1989",
OMO 57/4-1972-147,#,1972,1973,1990,18,Ethiopia,Type area,23,OMO 57/4,Shungura,E,E-4,2.32-2.42,2.32-2.42,T,LP4 frag.,P. aethiopicus,P. aethiopicus,CTA,#,"Coppens et al., 1973","Suwa,1990","Wood and Leakey, 2011","Feibel et al., 1989",
OMO 57/4-1972-148,#,1972,1973,1990,18,Ethiopia,Type area,23,OMO 57/4,Shungura,E,E-4,2.32-2.42,2.32-2.42,T,RP3,P. aethiopicus,P. aethiopicus,CTA,#,"Coppens et al., 1973","Suwa,1990","Wood and Leakey, 2011","Feibel et al., 1989",
OMO 57/5-1972-123,#,1972,1973,#,#,Ethiopia,Type area,23,OMO 57/5,Shungura,E,E-5,~2.35,~2.35,T,Lower P or upper M frag.,Hominine GSI,Hominine GSI,GSI,P. Pleven,"Coppens et al., 1973",Undescribed,"Wood and Leakey, 2011","Feibel et al., 1989",
OMO 57/5-1972-197,#,1972,1973,#,#,Ethiopia,Type area,23,OMO 57/5,Shungura,E,E-5,~2.35,~2.35,T,M frag.,Hominine GSI,Hominine GSI,GSI,#,"Coppens et al., 1973",Undescribed,"Wood and Leakey, 2011","Feibel et al., 1989",
OMO 57/5-1972-319,#,1972,1987,1990,18,Ethiopia,Type area,23,OMO 57/5,Shungura,E,E-5,~2.35,~2.35,T,LP3,Hominine GSI,aff. Homo sp.,NTA,#,"Howell et al., 1987","Suwa,1990","White, 1988; Wood and Leakey, 2011","Feibel et al., 1989",
OMO 57/5-1972-320,#,1972,1987,#,#,Ethiopia,Type area,23,OMO 57/5,Shungura,E,E-5,~2.35,~2.35,T,M frag.,Hominine GSI,Hominine GSI,GSI,#,"Howell et al., 1987",Undescribed,"White, 1988; Wood and Leakey, 2011","Feibel et al., 1989",
OMO 57/5-1972-370,#,1972,1973,#,#,Ethiopia,Type area,23,OMO 57/5,Shungura,E,E-5,~2.35,~2.35,T,RM1 frag.,Hominine GSI,Hominine GSI,GSI,#,"Coppens et al., 1973",Undescribed,"Wood and Leakey, 2011","Feibel et al., 1989",
OMO 57/5-1972-371,#,1972,1973,1990,18,Ethiopia,Type area,23,OMO 57/5,Shungura,E,E-5,~2.35,~2.35,T,LP4 frag.,P. aff. aethiopicus,P. aff. aethiopicus,NTA,#,"Coppens et al., 1973","Suwa,1990","Wood and Leakey, 2011","Feibel et al., 1989",
OMO 57/5-1972-372,#,1972,1973,#,#,Ethiopia,Type area,23,OMO 57/5,Shungura,E,E-5,~2.35,~2.35,T,M frag.,Hominine GSI,Hominine GSI,GSI,#,"Coppens et al., 1973",Undescribed,"Wood and Leakey, 2011","Feibel et al., 1989",
OMO 57/6-1972-244,#,1972,1973,#,#,Ethiopia,Type area,23,OMO 57/6,Shungura,E,E-5,~2.35,~2.35,T,RM2 germ,Hominine GSI,Hominine GSI,GSI,#,"Coppens et al., 1973",Undescribed,"Wood and Leakey, 2011","Feibel et al., 1989",
OMO 69-1974-900,#,1974,1990,1990,16,Ethiopia,Type area,18,OMO 69,Shungura,C,C-8,~2.60,~2.60,T,LP4,Hominine GSI,aff. Homo sp.,NTA,#,Suwa 1990,Suwa 1990,"Suwa, 1990; Wood and Leakey, 2011","Feibel et al., 1989",
OMO 74-1969-18,#,1969,1971,1990,21,Ethiopia,Type area,19,OMO 74,Shungura,H,H-4 to 7,1.76-1.87,1.76-1.87,T,RP4 germ,H. cf. habilis,H. cf. habilis,UTA,#,"Coppens, 1971",Suwa 1990,"Wood and Leakey, 2011","Feibel et al., 1989",
OMO 75-1969-14,A,1969,1971,1971,2,Ethiopia,Type area,"18,21,23",OMO 75,Shungura,G,G-13,1.97-2.07,1.97-2.07,M,Mandible with LP3-LM3 and RP4-RM2,aff. Homo sp.,H. habilis,NTA,G. Muluela,"Coppens, 1971",Coppens 1971,"Wood, 1991; Suwa et al., 1996","Feibel et al., 1989",
OMO 75-1969-14,B,1969,1971,1971,2,Ethiopia,Type area,"18,21,23",OMO 75,Shungura,G,G-13,1.97-2.07,1.97-2.07,C,Maxillary with RP3-RM3 and LP3-LM2,aff. Homo sp.,H. habilis,NTA,Team,"Coppens, 1971","Coppens, 1971","Wood, 1991; Suwa et al., 1996","Feibel et al., 1989",
OMO 75/i-1970-1255,#,1970,1973,1990,20,Ethiopia,Type area,21,OMO 75/i,Shungura,G,G-3 to 8,~2.20,2.12-2.18,T,RP3,aff. Homo sp.,H. habilis,NTA,#,"Coppens, 1973b","Suwa, 1990","Suwa, 1990; Wood and Leakey, 2011","Feibel et al., 1989; Wynn et al., 2020",
OMO 75/s-1969-15,#,1969,1971,1971,2,Ethiopia,Type area,23,OMO 75/S,Shungura,G,G-1 to 13,2.10-2.30,2.10-2.30,T,LM1,aff. Homo sp.,H. cf. habilis,NTA,#,"Coppens, 1971","Coppens, 1971","Suwa et al., 1996; Wood and Leakey, 2011","Feibel et al., 1989",
OMO 75/s-1969-16,#,1969,1971,1971,2,Ethiopia,Type area,23,OMO 75/S,Shungura,G,G-1 to 13,2.10-2.30,2.10-2.30,T,RM3,aff. Homo sp.,H. cf. habilis,NTA,#,"Coppens, 1971","Coppens, 1971","Suwa et al., 1996; Wood and Leakey, 2011","Feibel et al., 1989",
OMO 75/s-1970-875,#,1970,1973,#,#,Ethiopia,Type area,23,OMO 75/S,Shungura,G,G-1 to 13,2.10-2.30,2.10-2.30,T,RI2 or lower C,Hominine GSI,Hominine GSI,GSI,#,"Coppens, 1973b",Undescribed,GSI because no taxonomical allocation published,"Feibel et al., 1989",
OMO 75/s-1970-1317,#,1970,1973,1973,3,Ethiopia,Type area,23,OMO 75/S,Shungura,G,G-1 to 13,2.10-2.30,2.10-2.30,P,R prox. radius,Hominine GSI,Hominine GSI,GSI,#,"Coppens, 1973b","Coppens, 1973b","McHenry, 1994","Feibel et al., 1989",
OMO 76-1969-13,#,1969,1970,1990,21,Ethiopia,Type area,18,OMO 76,Shungura,G,Lower G,~2.30,~2.30,T,LP3 frag.,aff. P. boisei,aff. P. aethiopicus,NTA,#,"Coppens, 1970b",Suwa 1990,"Suwa, 1990","Feibel et al., 1989",
OMO 76-1972-37,#,1972,1973,#,#,Ethiopia,Type area,18,OMO 76,Shungura,G,Lower G,~2.30,~2.30,T,LM3,P. boisei,P. aethiopicus,NTA,#,"Coppens, 1973b",Undescribed,"Wood and Constantino, 2007","Feibel et al., 1989",
OMO 76-1972-38,#,1972,1973,#,#,Ethiopia,Type area,18,OMO 76,Shungura,G,Lower G,~2.30,~2.30,T,M or P frag.,Hominine GSI,Hominine GSI,GSI,#,"Coppens, 1973b",Undescribed,"Wood and Leakey, 2011","Feibel et al., 1989",
OMO 76/r-1969-11,#,1969,1970,1970,1,Ethiopia,Type area,18,OMO 76/r,Shungura,F,F-1 to 3,~2.35,2.27-2.31,T,RM3 frag.,P. aethiopicus,P. aethiopicus,CTA,C. Guillemot,"Coppens, 1970","Coppens, 1970","Wood and Constantino, 2007","Feibel et al., 1989; Wynn et al., 2020",
OMO 76/r-1969-12,#,1969,1970,1970,1,Ethiopia,Type area,18,OMO 76/r,Shungura,F,F-1 to 3,~2.35,2.27-2.31,T,LM frag.,Hominine GSI,Hominine GSI,GSI,#,"Coppens, 1970","Coppens, 1970","White, 1988","Feibel et al., 1989; Wynn et al., 2020",
OMO 84-1970-100,#,1970,1973,1973,3,Ethiopia,Type area,24/26,OMO 84,Shungura,C,C-8,~2.60,~2.60,T,RM2or3,P. aethiopicus,P. aethiopicus,CTA,J. de Heinzelin,"Coppens, 1973a","Coppens, 1973a","Wood and Constantino, 2007","Wood and Constantino, 2007",
OMO 84-10001,#,2006-7,2008,#,#,Ethiopia,Type area,24/26,OMO 84,Shungura,C,#,~2.58-2.74,~2.58-2.74,T,Upper M crown,cf. P. aethiopicus,cf. P. aethiopicus,UTA,#,"Boisserie et al., 2008",Undescribed,"Boisserie et al., 2008","Boisserie et al., 2008",
OMO 119-1973-2718,#,1973,1980,1980,7,Ethiopia,Type area,23,OMO 119,Shungura,D,D-5,2.38-2.48,2.38-2.48,P,L prox. humerus,Hominine GSI,Hominine GSI,GSI,#,"Coppens, 1980","Coppens, 1980","McHenry, 1994","Feibel et al., 1989",
OMO 123/N-1973-5495,#,1973,1987,1990,17,Ethiopia,Type area,17,OMO 123,Shungura,F,F-3,~2.30,~2.30,T,RP3, Homo sp., Homo sp.,SPI,#,"Howell et al., 1987","Suwa, 1990","Howell et al., 1987; Suwa 1990; Wood and Leakey, 2011","Feibel et al., 1989",
OMO 136-1972-1,#,1972,1973,1973,1,Ethiopia,Type area,18,OMO 136,Shungura,G,G-1,2.20-2.25,~2.20,T,LM3 germ,P. boisei,P. boisei,CTA,C. Guillemot,"Coppens, 1973b","Coppens, 1973b","Wood et al., 1994","Feibel et al., 1989; Wynn et al., 2020",
OMO 136-1972-2,#,1972,1973,1973,1,Ethiopia,Type area,18,OMO 136,Shungura,G,G-1,2.20-2.25,~2.20,T,LM2or3,P. boisei,P. boisei,CTA,#,"Coppens, 1973b","Coppens, 1973b","Wood et al., 1994","Feibel et al., 1989; Wynn et al., 2020",
OMO 136-1972-3,#,1972,1973,1973,1,Ethiopia,Type area,18,OMO 136,Shungura,G,G-1,2.20-2.25,~2.20,T,RM1or2 frag.,P. boisei,P. boisei,CTA,#,"Coppens, 1973b","Coppens, 1973b","Wood et al., 1994","Feibel et al., 1989; Wynn et al., 2020",
OMO 141-1972-1,#,1972,1973,#,#,Ethiopia,Type area,23,OMO 141,Shungura,G,G-3,2.15-2.25,2.15-2.20,T,LM3 germ,P. boisei,P. boisei,CTA,#,"Coppens, 1973b",Undescribed,"Deduced from Wood and Constantino, 2007 if same ind. than OMO 141-1972-2","Feibel et al., 1989; Wynn et al., 2020",
OMO 141-1972-2,#,1972,1973,#,#,Ethiopia,Type area,23,OMO 141,Shungura,G,G-3,2.15-2.25,2.15-2.20,T,LM1or2,P. boisei,P. boisei,CTA,#,"Coppens, 1973b",Undescribed,"Wood and Constantino, 2007","Feibel et al., 1989; Wynn et al., 2020",
OMO 141-1972-4,#,1972,1989,#,#,Ethiopia,Type area,23,OMO 141,Shungura,G,G-3,2.15-2.25,2.15-2.20,C,Cranial frag.,Hominine GSI,Hominine GSI,GSI,#,"Feibel et al., 1989",Undescribed,"Wood and Leakey, 2011","Feibel et al., 1989; Wynn et al., 2020",
OMO 141-1972-23,#,1972,1980,1980,8,Ethiopia,Type area,23,OMO 141,Shungura,G,G-3,2.15-2.25,2.15-2.20,P,L prox. ulna,Hominine GSI,Hominine GSI,GSI,#,"Coppens, 1980","Coppens, 1980","McHenry, 1994","Feibel et al., 1989; Wynn et al., 2020",
OMO 141-1972-69,#,1972,1988,#,#,Ethiopia,Type area,23,OMO 141,Shungura,G,G-3,2.15-2.25,2.15-2.20,T,Upper M frag.,Hominine GSI,Hominine GSI,GSI,#,"White, 1988",Undescribed,"White, 1988; Wood and Leakey, 2011","Feibel et al., 1989; Wynn et al., 2020",
OMO 141-1972-112,#,1972,2011,#,#,Ethiopia,Type area,23,OMO 141,Shungura,G,G-3,2.15-2.25,2.15-2.20,C,Cranial frag.,Hominine GSI,Hominine GSI,GSI,#,"Wood and Leakey, 2011",Undescribed,"Wood and Leakey, 2011","Feibel et al., 1989; Wynn et al., 2020",
OMO 141-1972-115,#,1972,2011,#,#,Ethiopia,Type area,23,OMO 141,Shungura,G,G-3,2.15-2.25,2.15-2.20,C,Cranial frag.,Hominine GSI,Hominine GSI,GSI,#,"Wood and Leakey, 2011",Undescribed,"Wood and Leakey, 2011","Feibel et al., 1989; Wynn et al., 2020",
OMO 141-1972-117,#,1972,2011,#,#,Ethiopia,Type area,23,OMO 141,Shungura,G,G-3,2.15-2.25,2.15-2.20,C,Cranial frag.,Hominine GSI,Hominine GSI,GSI,#,"Wood and Leakey, 2011",Undescribed,"Wood and Leakey, 2011","Feibel et al., 1989; Wynn et al., 2020",
OMO 141-1972-118,#,1972,2011,#,#,Ethiopia,Type area,23,OMO 141,Shungura,G,G-3,2.15-2.25,2.15-2.20,C,Cranial frag.,Hominine GSI,Hominine GSI,GSI,#,"Wood and Leakey, 2011",Undescribed,"Wood and Leakey, 2011","Feibel et al., 1989; Wynn et al., 2020",
OMO 141-1972-123,#,1972,1988,#,#,Ethiopia,Type area,23,OMO 141,Shungura,G,G-3,2.15-2.25,2.15-2.20,T,RI2,Hominine GSI,Hominine GSI,GSI,#,"White, 1988",Undescribed,"White, 1988; Wood and Leakey, 2011","Feibel et al., 1989; Wynn et al., 2020",
OMO 141-1972-129,#,1972,2011,#,#,Ethiopia,Type area,23,OMO 141,Shungura,G,G-3,2.15-2.25,2.15-2.20,C,Cranial frag.,Hominine GSI,Hominine GSI,GSI,#,"Wood and Leakey, 2011",Undescribed,"Wood and Leakey, 2011","Feibel et al., 1989; Wynn et al., 2020",
OMO 141-1972-167,#,1972,2011,#,#,Ethiopia,Type area,23,OMO 141,Shungura,G,G-3,2.15-2.25,2.15-2.20,C,Cranial frag.,Hominine GSI,Hominine GSI,GSI,#,"Wood and Leakey, 2011",Undescribed,"Wood and Leakey, 2011","Feibel et al., 1989; Wynn et al., 2020",
OMO 141-1972-168,#,1972,2011,#,#,Ethiopia,Type area,23,OMO 141,Shungura,G,G-3,2.15-2.25,2.15-2.20,C,Cranial frag.,Hominine GSI,Hominine GSI,GSI,#,"Wood and Leakey, 2011",Undescribed,"Wood and Leakey, 2011","Feibel et al., 1989; Wynn et al., 2020",
OMO 141-1972-177,#,1972,1989,#,#,Ethiopia,Type area,23,OMO 141,Shungura,G,G-3,2.15-2.25,2.15-2.20,C,Maxillary,Hominine GSI,Hominine GSI,GSI,#,"Feibel et al., 1989",Undescribed,"Wood and Leakey, 2011","Feibel et al., 1989; Wynn et al., 2020",
OMO 141-1972-180,#,1972,2011,#,#,Ethiopia,Type area,23,OMO 141,Shungura,G,G-3,2.15-2.25,2.15-2.20,C,Maxillary frag.,Hominine GSI,Hominine GSI,GSI,#,"Wood and Leakey, 2011",Undescribed,"Wood and Leakey, 2011","Feibel et al., 1989; Wynn et al., 2020",
OMO 141-1972-181,#,1972,2011,#,#,Ethiopia,Type area,23,OMO 141,Shungura,G,G-3,2.15-2.25,2.15-2.20,C,Cranial frag.,Hominine GSI,Hominine GSI,GSI,#,"Wood and Leakey, 2011",Undescribed,"Wood and Leakey, 2011","Feibel et al., 1989; Wynn et al., 2020",
OMO 141-1972-182,#,1972,2011,#,#,Ethiopia,Type area,23,OMO 141,Shungura,G,G-3,2.15-2.25,2.15-2.20,C,Cranial frag.,Hominine GSI,Hominine GSI,GSI,#,"Wood and Leakey, 2011",Undescribed,"Wood and Leakey, 2011","Feibel et al., 1989; Wynn et al., 2020",
OMO 166-1973-781,#,1973,1987,#,#,Ethiopia,Type area,18,OMO 166,Shungura,E,E-1,~2.40,~2.40,T,LM3, Homo sp., Homo sp.,SPI,#,"Howell et al., 1987",Undescribed,"Howell et al., 1987; Wood and Leakey, 2011","Feibel et al., 1989",
OMO 177-1973-4525,#,1973,1986,1990,17,Ethiopia,Type area,18,OMO 177,Shungura,E,Upper E,~2.40,~2.40,T,RP3,aff. Homo sp.,aff. Homo sp.,SPI,#,"Hunt and Vitzthum, 1986","Suwa, 1990","Howell et al., 1987; Suwa, 1990","Feibel et al., 1989",
OMO 195-1973-1630,#,1973,1980,#,#,Ethiopia,Type area,20,OMO 195,Shungura,G,G-7 to 8,~2.00,~2.00,T,RM1,H. cf. habilis,H. cf. habilis,UTA,#,"Coppens, 1980",Undescribed,"Coppens, 1980; Wood and Leakey, 2011","Feibel et al., 1989",
OMO 212-1973-1950,#,1973,1980,#,#,Ethiopia,Type area,17,OMO 212,Shungura,B,B-10,2.92-2.98,2.92-2.98,T,LM1 germ,Australopithecus sp.,Australopithecus sp.,SPI,#,"Coppens, 1980",Undescribed,"Coppens, 1980","Feibel et al., 1989",
OMO 222-1973-2744,#,1973,1976,#,#,Ethiopia,Type area,18,OMO 222,Shungura,G,G-7,2.05-2.15,2.05-2.15,M,L mandible frag. with dm1-2,Homo sp.,H. habilis,NTA,#,"Howell and Coppens, 1976",Undescribed,"White, 1988; Grine, 1984","Feibel et al., 1989",
OMO 224-10005,#,2006-7,2008,#,#,Ethiopia,Type area,23,OMO 224,Shungura,C,#,~2.58-2.74,~2.58-2.74,T,Lower M crown,aff. Homo sp.,aff. Homo sp.,SPI,#,"Boisserie et al., 2008",Undescribed,"Boisserie et al., 2008","Boisserie et al., 2008",
OMO 263-1973-5479,#,1973,1989,#,#,Ethiopia,Type area,26,OMO 263,Shungura,F-G,#,1.92-2.32,???,T,LM,Hominine GSI,Hominine GSI,GSI,#,"Feibel et al., 1989",Undescribed,"Wood and Leakey, 2011","Feibel et al., 1989; Wynn et al., 2020",
OMO 323-1976-896,A,1976,1978,2002,26,Ethiopia,Type area,#,OMO 323,Shungura,G,G8,2.10-2.30,2.08-2.16,C,Frontal frag.,P. boisei,P. boisei,CTA,#,"Howell, 1978","Alemseged et al., 2002","Wood et al., 1994; Alemseged et al., 2002","Feibel et al., 1989; Daver et al., 2018",
OMO 323-1976-896,B,1976,1978,2002,26,Ethiopia,Type area,#,OMO 323,Shungura,G,G8,2.10-2.30,2.08-2.16,C,L temporal frag.,P. boisei,P. boisei,CTA,#,"Howell, 1978","Alemseged et al., 2002","Wood et al., 1994; Alemseged et al., 2002","Feibel et al., 1989; Daver et al., 2018",
OMO 323-1976-896,C,1976,1978,2002,26,Ethiopia,Type area,#,OMO 323,Shungura,G,G8,2.10-2.30,2.08-2.16,C,Post. calvarial frag.,P. boisei,P. boisei,CTA,#,"Howell, 1978","Alemseged et al., 2002","Wood et al., 1994; Alemseged et al., 2002","Feibel et al., 1989; Daver et al., 2018",
OMO 323-1976-896,D,1976,1978,2002,26,Ethiopia,Type area,#,OMO 323,Shungura,G,G8,2.10-2.30,2.08-2.16,C,R petrous pyramid frag.,P. boisei,P. boisei,CTA,#,"Howell, 1978","Alemseged et al., 2002","Wood et al., 1994; Alemseged et al., 2002","Feibel et al., 1989; Daver et al., 2018",
OMO 323-1976-896,E,1976,1978,2002,26,Ethiopia,Type area,#,OMO 323,Shungura,G,G8,2.10-2.30,2.08-2.16,C,L zygomatic process frag.,P. boisei,P. boisei,CTA,#,"Howell, 1978","Alemseged et al., 2002","Wood et al., 1994; Alemseged et al., 2002","Feibel et al., 1989; Daver et al., 2018",
OMO 323-1976-896,F,1976,1978,2002,26,Ethiopia,Type area,#,OMO 323,Shungura,G,G8,2.10-2.30,2.08-2.16,C,R and L parietal frags.,P. boisei,P. boisei,CTA,#,"Howell, 1978","Alemseged et al., 2002","Wood et al., 1994; Alemseged et al., 2002","Feibel et al., 1989; Daver et al., 2018",
OMO 323-1976-896,G,1976,1978,2002,26,Ethiopia,Type area,#,OMO 323,Shungura,G,G8,2.10-2.30,2.08-2.16,C,R maxillary frag. with P3-M1,P. boisei,P. boisei,CTA,#,"Howell, 1978","Alemseged et al., 2002","Wood et al., 1994; Alemseged et al., 2002","Feibel et al., 1989; Daver et al., 2018",
OMO 323-1976-896,H,1976,1978,2002,26,Ethiopia,Type area,#,OMO 323,Shungura,G,G8,2.10-2.30,2.08-2.16,T,LC,P. boisei,P. boisei,CTA,#,"Howell, 1978","Alemseged et al., 2002","Wood et al., 1994; Alemseged et al., 2002","Feibel et al., 1989; Daver et al., 2018",
OMO 323-1976-896,I,1976,1978,2002,26,Ethiopia,Type area,#,OMO 323,Shungura,G,G8,2.10-2.30,2.08-2.16,T,LP4,P. boisei,P. boisei,CTA,#,"Howell, 1978","Alemseged et al., 2002","Wood et al., 1994; Alemseged et al., 2002","Feibel et al., 1989; Daver et al., 2018",
OMO 323-1976-897,#,1976,1989,#,#,Ethiopia,Type area,#,OMO 323,Shungura,G,G8,2.10-2.30,2.08-2.16,P,Metacarpal I,Hominine GSI,Hominine GSI,GSI,#,"Feibel et al., 1989",Undescribed,"Wood and Leakey, 2011","Feibel et al., 1989; Daver et al., 2018",
OMO 323-1976-898,#,1976,1997,1997,21,Ethiopia,Type area,#,OMO 323,Shungura,G,G8,2.10-2.30,2.08-2.16,P,Talus,Homo sp.,P. boisei,UTA,Y. Coppens,"Deloison, 1997","Deloison, 1997","Deloison, 1997; Berillon 2000; Gebo and Schwartz 2006; Wood and Leakey, 2011","Feibel et al., 1989; Daver et al., 2018",
OMO 323-1976-2117,#,1976,2011,2018,42,Ethiopia,Type area,#,OMO 323,Shungura,G,G8,2.10-2.30,2.08-2.16,P,R metatarsal II,cf. P. boisei,cf. P. boisei,UTA,#,"Wood and Leakey, 2011","Daver et al., 2018","Daver et al., 2018","Feibel et al., 1989; Daver et al., 2018",
OMO 323-10003,#,2006,2018,2018,12,Ethiopia,Type area,#,OMO 323,Shungura,G,G8,2.10-2.30,2.08-2.16,P,L prox. radius,cf. P. boisei,cf. P. boisei,UTA,#,"Daver et al., 2018","Daver et al., 2018","Daver et al., 2018","Feibel et al., 1989; Daver et al., 2018",
OMO 323-10069,#,2006,2018,2018,12,Ethiopia,Type area,#,OMO 323,Shungura,G,G8,2.10-2.30,2.08-2.16,P,L prox. manual phalanx IV,cf. P. boisei,cf. P. boisei,UTA,#,"Daver et al., 2018","Daver et al., 2018","Daver et al., 2018","Feibel et al., 1989; Daver et al., 2018",
OMO 329-10015,#,2006-7,2008,#,#,Ethiopia,Type area,#,OMO 329,Shungura,C,#,~2.58-2.74,~2.58-2.74,T,Lower M crown,aff. Homo sp.,aff. Homo sp.,SPI,#,"Boisserie et al., 2008",Undescribed,"Boisserie et al., 2008","Boisserie et al., 2008",
OMO 333-10003,#,2006-7,2008,#,#,Ethiopia,Type area,#,OMO 333,Shungura,C,#,~2.58-2.74,~2.58-2.74,M,Edentulous mandible,cf. P. aethiopicus,cf. P. aethiopicus,UTA,#,"Boisserie et al., 2008",Undescribed,"Boisserie et al., 2008","Boisserie et al., 2008",
OMO K 7-1969-19,#,1969,1970,1971,2,Ethiopia,Kalam,#,OMO K 7,Shungura,L,> L-9,~1.35,~1.35,T,LM2,H. cf. habilis,H. cf. habilis,UTA,#,"Coppens, 1970","Coppens, 1971","Coppens, 1971","Feibel et al., 1989",
OMO Sh 1/1-1969-17,#,1969,1971,1971,2,Ethiopia,Type area,20,OMO Sh 1/1,Shungura,G,G-8 to 9,~2.10,~2.10,T,LM1,H. cf. habilis,H. cf. habilis,UTA,#,"Coppens, 1971","Coppens, 1971","Wood and Leakey, 2011","Feibel et al., 1989",
P 933-1,#,1972,1973,1973,1,Ethiopia,Type area,22,P 933,Shungura,F,F-3,~2.30,~2.30,T,LM1,aff. Homo sp.,aff. Homo sp.,NTA,J. de Heinzelin,"Coppens, 1973a","Coppens, 1973a","Howell et al, 1987; White 1988","Feibel et al., 1989",
P 996-17,A,1973,1980,1980,7,Ethiopia,Type area,Iryamaniang/Errum,P 996,Shungura,K,Upper K,1.40-1.50,1.40-1.50,C,Parietal and R frontal frag.,H. erectus,H. ergaster,NTN,#,"Coppens, 1980","Coppens, 1980","White, 1988 ; Wood and Leakey, 2011","Feibel et al., 1989",
P 996-17,B,1973,1980,1980,7,Ethiopia,Type area,Iryamaniang/Errum,P 996,Shungura,K,Upper K,1.40-1.50,1.40-1.50,C,L temporal frag.,H. erectus,H. ergaster,NTN,#,"Coppens, 1980","Coppens, 1980","White, 1988 ; Wood and Leakey, 2011","Feibel et al., 1989",
W 7-23,#,1967,1968,1969,2,Ethiopia,White Sands,#,W 7,Usno,U-12,B-2 (U-12),3.19-3.21,~3.05,T,LP4,Australopithecus. sp.,A. aff. afarensis,NTA,#,"Howell, 1968","Howell, 1969",Suwa 1990; Wood and Leakey 2011,"Wynn et al., 2020; Feibel et al., 1989",
W 7-508,#,1967,1968,1969,2,Ethiopia,White Sands,#,W 7,Usno,U-12,B-2 (U-12),3.19-3.21,~3.05,T,RM1,Hominine GSI,A. aff. afarensis,NTA,#,"Howell, 1968","Howell, 1969","Leonard et Hegmon, 1987; Wood and Leakey, 2011","Wynn et al., 2020; Feibel et al., 1989",
W 7-559,I,#,2009,#,#,Ethiopia,White Sands,#,W 7,Usno,U-12,B-2 (U-12),3.19-3.21,~3.05,T,Tooth frag.,Hominine GSI,A. aff. afarensis,NTA,#,"Estebaranz et al., 2009",Undescribed,"Wynn et al., 2020","Wynn et al., 2020",
W 7-578,#,1967,1968,1969,2,Ethiopia,White Sands,#,W 7,Usno,U-12,B-2 (U-12),3.19-3.21,~3.05,T,M1or2 frag.,Hominine GSI,A. aff. afarensis,NTA,#,"Howell, 1968","Howell, 1969","Wood and Leakey, 2011","Wynn et al., 2020; Feibel et al., 1989",
W 8-749,#,1968,1969,1969,1,Ethiopia,White Sands,#,W 8,Usno,U-12,B-2 (U-12),3.19-3.21,~3.05,T,RM2,Hominine GSI,A. aff. afarensis,NTA,#,"Howell, 1969","Howell, 1969","Wood and Leakey, 2011","Wynn et al., 2020; Feibel et al., 1989",
W 8-750,#,1968,1969,1969,1,Ethiopia,White Sands,#,W 8,Usno,U-12,B-2 (U-12),3.19-3.21,~3.05,T,P3or4 frag.,Australopithecus. sp.,A. aff. afarensis,NTA,#,"Howell, 1969","Howell, 1969","Suwa 1990; Wood and Leakey, 2011","Wynn et al., 2020; Feibel et al., 1989",
W 8-751,#,1968,1969,1969,1,Ethiopia,White Sands,#,W 8,Usno,U-12,B-2 (U-12),3.19-3.21,~3.05,T,P4 frag.,Australopithecus. sp.,A. aff. afarensis,NTA,#,"Howell, 1969","Howell, 1969","Suwa 1990; Wood and Leakey, 2011","Wynn et al., 2020; Feibel et al., 1989",
W 8-752,#,1968,1969,1969,1,Ethiopia,White Sands,#,W 8,Usno,U-12,B-2 (U-12),3.19-3.21,~3.05,T,RM1or2,Hominine GSI,A. aff. afarensis,NTA,#,"Howell, 1969","Howell, 1969","Wood and Leakey, 2011","Wynn et al., 2020; Feibel et al., 1989",
W 8-753,#,1968,1969,1969,1,Ethiopia,White Sands,#,W 8,Usno,U-12,B-2 (U-12),3.19-3.21,~3.05,T,Rdm1 or RM1,Hominine GSI,A. aff. afarensis,NTA,#,"Howell, 1969","Howell, 1969","Wood and Leakey, 2011","Wynn et al., 2020; Feibel et al., 1989",
W 8-978,#,1973,1980,1990,17,Ethiopia,White Sands,#,W 8,Usno,U-12,B-2 (U-12),3.19-3.21,~3.05,T,RP3,Australopithecus. sp.,A. aff. afarensis,NTA,#,"Coppens, 1980","Suwa, 1990","Leonard et Hegmon, 1987; Suwa 1990; Wood and Leakey, 2011","Wynn et al., 2020; Feibel et al., 1989",
W 8-988,#,1973,1989,1990,17,Ethiopia,White Sands,#,W 8,Usno,U-12,B-2 (U-12),3.19-3.21,~3.05,T,LP4,Australopithecus. sp.,A. aff. afarensis,NTA,#,"Feibel et al., 1989","Suwa, 1990","Suwa 1990; Wood and Leakey, 2011","Wynn et al., 2020; Feibel et al., 1989",
,,,,,,,,,,,,,,,,,,,,,,,,,
,,,,,,,,,,,,,,,,,,,,,,,,,
,,,,,,,,,,,,,,,,,,,,,,,,,
,,,,,,,,,,,,,,,,,,,,,,,,,
,,,,,,,,,,,,,,,,,,,,,,,,,
,,,,,,,,,,,,,,,,,,,,,,,,,
,,,,,,,,,,,,,,,,,,,,,,,,,
,,,,,,,,,,,,,,,,,,,,,,,,,
,,,,,,,,,,,,,,,,,,,,,,,,,
,,,,,,,,,,,,,,,,,,,,,,,,,
,,,,,,,,,,,,,,,,,,,,,,,,,
,,,,,,,,,,,,,,,,,,,,,,,,,
,,,,,,,,,,,,,,,,,,,,,,,,,
,,,,,,,,,,,,,,,,,,,,,,,,,
,,,,,,,,,,,,,,,,,,,,,,,,,
,,,,,,,,,,,,,,,,,,,,,,,,,
,,,,,,,,,,,,,,,,,,,,,,,,,
,,,,,,,,,,,,,,,,,,,,,,,,,
,,,,,,,,,,,,,,,,,,,,,,,,,
,,,,,,,,,,,,,,,,,,,,,,,,,
,,,,,,,,,,,,,,,,,,,,,,,,,